<?xml version="1.0" encoding="Windows-1252"?>
<!DOCTYPE POWERMART SYSTEM "powrmart.dtd">
<POWERMART CREATION_DATE="03/05/2024 17:51:15" REPOSITORY_VERSION="187.96">
<REPOSITORY NAME="INFA_DEV_REP" VERSION="187" CODEPAGE="MS1252" DATABASETYPE="Microsoft SQL Server">
<FOLDER NAME="INFA_TRAIN" GROUP="" OWNER="Administrator" SHARED="NOTSHARED" DESCRIPTION="" PERMISSIONS="rwx---r--" UUID="f88ffda1-7f40-4415-816a-8af2883c31d0">
    <SOURCE BUSINESSNAME ="" DATABASETYPE ="Microsoft SQL Server" DBDNAME ="capstone" DESCRIPTION ="" NAME ="LoanData" OBJECTVERSION ="1" OWNERNAME ="dbo" VERSIONNUMBER ="1">
        <SOURCEFIELD BUSINESSNAME ="" DATATYPE ="bigint" DESCRIPTION ="" FIELDNUMBER ="1" FIELDPROPERTY ="0" FIELDTYPE ="ELEMITEM" HIDDEN ="NO" KEYTYPE ="PRIMARY KEY" LENGTH ="20" LEVEL ="0" NAME ="LoanNr_ChkDgt" NULLABLE ="NOTNULL" OCCURS ="0" OFFSET ="0" PHYSICALLENGTH ="19" PHYSICALOFFSET ="0" PICTURETEXT ="" PRECISION ="19" SCALE ="0" USAGE_FLAGS =""/>
        <SOURCEFIELD BUSINESSNAME ="" DATATYPE ="varchar" DESCRIPTION ="" FIELDNUMBER ="2" FIELDPROPERTY ="0" FIELDTYPE ="ELEMITEM" HIDDEN ="NO" KEYTYPE ="NOT A KEY" LENGTH ="0" LEVEL ="0" NAME ="Name" NULLABLE ="NULL" OCCURS ="0" OFFSET ="20" PHYSICALLENGTH ="255" PHYSICALOFFSET ="19" PICTURETEXT ="" PRECISION ="255" SCALE ="0" USAGE_FLAGS =""/>
        <SOURCEFIELD BUSINESSNAME ="" DATATYPE ="varchar" DESCRIPTION ="" FIELDNUMBER ="3" FIELDPROPERTY ="0" FIELDTYPE ="ELEMITEM" HIDDEN ="NO" KEYTYPE ="NOT A KEY" LENGTH ="0" LEVEL ="0" NAME ="City" NULLABLE ="NULL" OCCURS ="0" OFFSET ="20" PHYSICALLENGTH ="255" PHYSICALOFFSET ="274" PICTURETEXT ="" PRECISION ="255" SCALE ="0" USAGE_FLAGS =""/>
        <SOURCEFIELD BUSINESSNAME ="" DATATYPE ="char" DESCRIPTION ="" FIELDNUMBER ="4" FIELDPROPERTY ="0" FIELDTYPE ="ELEMITEM" HIDDEN ="NO" KEYTYPE ="NOT A KEY" LENGTH ="0" LEVEL ="0" NAME ="State" NULLABLE ="NULL" OCCURS ="0" OFFSET ="20" PHYSICALLENGTH ="2" PHYSICALOFFSET ="529" PICTURETEXT ="" PRECISION ="2" SCALE ="0" USAGE_FLAGS =""/>
        <SOURCEFIELD BUSINESSNAME ="" DATATYPE ="int" DESCRIPTION ="" FIELDNUMBER ="5" FIELDPROPERTY ="0" FIELDTYPE ="ELEMITEM" HIDDEN ="NO" KEYTYPE ="NOT A KEY" LENGTH ="11" LEVEL ="0" NAME ="Zip" NULLABLE ="NULL" OCCURS ="0" OFFSET ="20" PHYSICALLENGTH ="10" PHYSICALOFFSET ="531" PICTURETEXT ="" PRECISION ="10" SCALE ="0" USAGE_FLAGS =""/>
        <SOURCEFIELD BUSINESSNAME ="" DATATYPE ="varchar" DESCRIPTION ="" FIELDNUMBER ="6" FIELDPROPERTY ="0" FIELDTYPE ="ELEMITEM" HIDDEN ="NO" KEYTYPE ="NOT A KEY" LENGTH ="0" LEVEL ="0" NAME ="Bank" NULLABLE ="NULL" OCCURS ="0" OFFSET ="31" PHYSICALLENGTH ="255" PHYSICALOFFSET ="541" PICTURETEXT ="" PRECISION ="255" SCALE ="0" USAGE_FLAGS =""/>
        <SOURCEFIELD BUSINESSNAME ="" DATATYPE ="char" DESCRIPTION ="" FIELDNUMBER ="7" FIELDPROPERTY ="0" FIELDTYPE ="ELEMITEM" HIDDEN ="NO" KEYTYPE ="NOT A KEY" LENGTH ="0" LEVEL ="0" NAME ="BankState" NULLABLE ="NULL" OCCURS ="0" OFFSET ="31" PHYSICALLENGTH ="2" PHYSICALOFFSET ="796" PICTURETEXT ="" PRECISION ="2" SCALE ="0" USAGE_FLAGS =""/>
        <SOURCEFIELD BUSINESSNAME ="" DATATYPE ="int" DESCRIPTION ="" FIELDNUMBER ="8" FIELDPROPERTY ="0" FIELDTYPE ="ELEMITEM" HIDDEN ="NO" KEYTYPE ="NOT A KEY" LENGTH ="11" LEVEL ="0" NAME ="NAICS" NULLABLE ="NULL" OCCURS ="0" OFFSET ="31" PHYSICALLENGTH ="10" PHYSICALOFFSET ="798" PICTURETEXT ="" PRECISION ="10" SCALE ="0" USAGE_FLAGS =""/>
        <SOURCEFIELD BUSINESSNAME ="" DATATYPE ="nvarchar" DESCRIPTION ="" FIELDNUMBER ="9" FIELDPROPERTY ="0" FIELDTYPE ="ELEMITEM" HIDDEN ="NO" KEYTYPE ="NOT A KEY" LENGTH ="0" LEVEL ="0" NAME ="ApprovalDate" NULLABLE ="NULL" OCCURS ="0" OFFSET ="42" PHYSICALLENGTH ="23" PHYSICALOFFSET ="808" PICTURETEXT ="" PRECISION ="23" SCALE ="0" USAGE_FLAGS =""/>
        <SOURCEFIELD BUSINESSNAME ="" DATATYPE ="int" DESCRIPTION ="" FIELDNUMBER ="10" FIELDPROPERTY ="0" FIELDTYPE ="ELEMITEM" HIDDEN ="NO" KEYTYPE ="NOT A KEY" LENGTH ="11" LEVEL ="0" NAME ="ApprovalFY" NULLABLE ="NULL" OCCURS ="0" OFFSET ="42" PHYSICALLENGTH ="10" PHYSICALOFFSET ="831" PICTURETEXT ="" PRECISION ="10" SCALE ="0" USAGE_FLAGS =""/>
        <SOURCEFIELD BUSINESSNAME ="" DATATYPE ="int" DESCRIPTION ="" FIELDNUMBER ="11" FIELDPROPERTY ="0" FIELDTYPE ="ELEMITEM" HIDDEN ="NO" KEYTYPE ="NOT A KEY" LENGTH ="11" LEVEL ="0" NAME ="Term" NULLABLE ="NULL" OCCURS ="0" OFFSET ="53" PHYSICALLENGTH ="10" PHYSICALOFFSET ="841" PICTURETEXT ="" PRECISION ="10" SCALE ="0" USAGE_FLAGS =""/>
        <SOURCEFIELD BUSINESSNAME ="" DATATYPE ="int" DESCRIPTION ="" FIELDNUMBER ="12" FIELDPROPERTY ="0" FIELDTYPE ="ELEMITEM" HIDDEN ="NO" KEYTYPE ="NOT A KEY" LENGTH ="11" LEVEL ="0" NAME ="NoEmp" NULLABLE ="NULL" OCCURS ="0" OFFSET ="64" PHYSICALLENGTH ="10" PHYSICALOFFSET ="851" PICTURETEXT ="" PRECISION ="10" SCALE ="0" USAGE_FLAGS =""/>
        <SOURCEFIELD BUSINESSNAME ="" DATATYPE ="int" DESCRIPTION ="" FIELDNUMBER ="13" FIELDPROPERTY ="0" FIELDTYPE ="ELEMITEM" HIDDEN ="NO" KEYTYPE ="NOT A KEY" LENGTH ="11" LEVEL ="0" NAME ="NewExist" NULLABLE ="NULL" OCCURS ="0" OFFSET ="75" PHYSICALLENGTH ="10" PHYSICALOFFSET ="861" PICTURETEXT ="" PRECISION ="10" SCALE ="0" USAGE_FLAGS =""/>
        <SOURCEFIELD BUSINESSNAME ="" DATATYPE ="int" DESCRIPTION ="" FIELDNUMBER ="14" FIELDPROPERTY ="0" FIELDTYPE ="ELEMITEM" HIDDEN ="NO" KEYTYPE ="NOT A KEY" LENGTH ="11" LEVEL ="0" NAME ="CreateJob" NULLABLE ="NULL" OCCURS ="0" OFFSET ="86" PHYSICALLENGTH ="10" PHYSICALOFFSET ="871" PICTURETEXT ="" PRECISION ="10" SCALE ="0" USAGE_FLAGS =""/>
        <SOURCEFIELD BUSINESSNAME ="" DATATYPE ="int" DESCRIPTION ="" FIELDNUMBER ="15" FIELDPROPERTY ="0" FIELDTYPE ="ELEMITEM" HIDDEN ="NO" KEYTYPE ="NOT A KEY" LENGTH ="11" LEVEL ="0" NAME ="RetainedJob" NULLABLE ="NULL" OCCURS ="0" OFFSET ="97" PHYSICALLENGTH ="10" PHYSICALOFFSET ="881" PICTURETEXT ="" PRECISION ="10" SCALE ="0" USAGE_FLAGS =""/>
        <SOURCEFIELD BUSINESSNAME ="" DATATYPE ="int" DESCRIPTION ="" FIELDNUMBER ="16" FIELDPROPERTY ="0" FIELDTYPE ="ELEMITEM" HIDDEN ="NO" KEYTYPE ="NOT A KEY" LENGTH ="11" LEVEL ="0" NAME ="FranchiseCode" NULLABLE ="NULL" OCCURS ="0" OFFSET ="108" PHYSICALLENGTH ="10" PHYSICALOFFSET ="891" PICTURETEXT ="" PRECISION ="10" SCALE ="0" USAGE_FLAGS =""/>
        <SOURCEFIELD BUSINESSNAME ="" DATATYPE ="int" DESCRIPTION ="" FIELDNUMBER ="17" FIELDPROPERTY ="0" FIELDTYPE ="ELEMITEM" HIDDEN ="NO" KEYTYPE ="NOT A KEY" LENGTH ="11" LEVEL ="0" NAME ="UrbanRural" NULLABLE ="NULL" OCCURS ="0" OFFSET ="119" PHYSICALLENGTH ="10" PHYSICALOFFSET ="901" PICTURETEXT ="" PRECISION ="10" SCALE ="0" USAGE_FLAGS =""/>
        <SOURCEFIELD BUSINESSNAME ="" DATATYPE ="char" DESCRIPTION ="" FIELDNUMBER ="18" FIELDPROPERTY ="0" FIELDTYPE ="ELEMITEM" HIDDEN ="NO" KEYTYPE ="NOT A KEY" LENGTH ="0" LEVEL ="0" NAME ="RevLineCr" NULLABLE ="NULL" OCCURS ="0" OFFSET ="130" PHYSICALLENGTH ="1" PHYSICALOFFSET ="911" PICTURETEXT ="" PRECISION ="1" SCALE ="0" USAGE_FLAGS =""/>
        <SOURCEFIELD BUSINESSNAME ="" DATATYPE ="char" DESCRIPTION ="" FIELDNUMBER ="19" FIELDPROPERTY ="0" FIELDTYPE ="ELEMITEM" HIDDEN ="NO" KEYTYPE ="NOT A KEY" LENGTH ="0" LEVEL ="0" NAME ="LowDoc" NULLABLE ="NULL" OCCURS ="0" OFFSET ="130" PHYSICALLENGTH ="1" PHYSICALOFFSET ="912" PICTURETEXT ="" PRECISION ="1" SCALE ="0" USAGE_FLAGS =""/>
        <SOURCEFIELD BUSINESSNAME ="" DATATYPE ="nvarchar" DESCRIPTION ="" FIELDNUMBER ="20" FIELDPROPERTY ="0" FIELDTYPE ="ELEMITEM" HIDDEN ="NO" KEYTYPE ="NOT A KEY" LENGTH ="0" LEVEL ="0" NAME ="ChgOffDate" NULLABLE ="NULL" OCCURS ="0" OFFSET ="130" PHYSICALLENGTH ="23" PHYSICALOFFSET ="913" PICTURETEXT ="" PRECISION ="23" SCALE ="0" USAGE_FLAGS =""/>
        <SOURCEFIELD BUSINESSNAME ="" DATATYPE ="nvarchar" DESCRIPTION ="" FIELDNUMBER ="21" FIELDPROPERTY ="0" FIELDTYPE ="ELEMITEM" HIDDEN ="NO" KEYTYPE ="NOT A KEY" LENGTH ="0" LEVEL ="0" NAME ="DisbursementDate" NULLABLE ="NULL" OCCURS ="0" OFFSET ="130" PHYSICALLENGTH ="10" PHYSICALOFFSET ="936" PICTURETEXT ="" PRECISION ="10" SCALE ="0" USAGE_FLAGS =""/>
        <SOURCEFIELD BUSINESSNAME ="" DATATYPE ="varchar" DESCRIPTION ="" FIELDNUMBER ="22" FIELDPROPERTY ="0" FIELDTYPE ="ELEMITEM" HIDDEN ="NO" KEYTYPE ="NOT A KEY" LENGTH ="0" LEVEL ="0" NAME ="DisbursementGross" NULLABLE ="NULL" OCCURS ="0" OFFSET ="130" PHYSICALLENGTH ="255" PHYSICALOFFSET ="946" PICTURETEXT ="" PRECISION ="255" SCALE ="0" USAGE_FLAGS =""/>
        <SOURCEFIELD BUSINESSNAME ="" DATATYPE ="varchar" DESCRIPTION ="" FIELDNUMBER ="23" FIELDPROPERTY ="0" FIELDTYPE ="ELEMITEM" HIDDEN ="NO" KEYTYPE ="NOT A KEY" LENGTH ="0" LEVEL ="0" NAME ="BalanceGross" NULLABLE ="NULL" OCCURS ="0" OFFSET ="130" PHYSICALLENGTH ="255" PHYSICALOFFSET ="1201" PICTURETEXT ="" PRECISION ="255" SCALE ="0" USAGE_FLAGS =""/>
        <SOURCEFIELD BUSINESSNAME ="" DATATYPE ="varchar" DESCRIPTION ="" FIELDNUMBER ="24" FIELDPROPERTY ="0" FIELDTYPE ="ELEMITEM" HIDDEN ="NO" KEYTYPE ="NOT A KEY" LENGTH ="0" LEVEL ="0" NAME ="MIS_Status" NULLABLE ="NULL" OCCURS ="0" OFFSET ="130" PHYSICALLENGTH ="10" PHYSICALOFFSET ="1456" PICTURETEXT ="" PRECISION ="10" SCALE ="0" USAGE_FLAGS =""/>
        <SOURCEFIELD BUSINESSNAME ="" DATATYPE ="varchar" DESCRIPTION ="" FIELDNUMBER ="25" FIELDPROPERTY ="0" FIELDTYPE ="ELEMITEM" HIDDEN ="NO" KEYTYPE ="NOT A KEY" LENGTH ="0" LEVEL ="0" NAME ="ChgOffPrinGr" NULLABLE ="NULL" OCCURS ="0" OFFSET ="130" PHYSICALLENGTH ="255" PHYSICALOFFSET ="1466" PICTURETEXT ="" PRECISION ="255" SCALE ="0" USAGE_FLAGS =""/>
        <SOURCEFIELD BUSINESSNAME ="" DATATYPE ="varchar" DESCRIPTION ="" FIELDNUMBER ="26" FIELDPROPERTY ="0" FIELDTYPE ="ELEMITEM" HIDDEN ="NO" KEYTYPE ="NOT A KEY" LENGTH ="0" LEVEL ="0" NAME ="GrAppv" NULLABLE ="NULL" OCCURS ="0" OFFSET ="130" PHYSICALLENGTH ="255" PHYSICALOFFSET ="1721" PICTURETEXT ="" PRECISION ="255" SCALE ="0" USAGE_FLAGS =""/>
        <SOURCEFIELD BUSINESSNAME ="" DATATYPE ="varchar" DESCRIPTION ="" FIELDNUMBER ="27" FIELDPROPERTY ="0" FIELDTYPE ="ELEMITEM" HIDDEN ="NO" KEYTYPE ="NOT A KEY" LENGTH ="0" LEVEL ="0" NAME ="SBA_Appv" NULLABLE ="NULL" OCCURS ="0" OFFSET ="130" PHYSICALLENGTH ="255" PHYSICALOFFSET ="1976" PICTURETEXT ="" PRECISION ="255" SCALE ="0" USAGE_FLAGS =""/>
    </SOURCE>
    <TARGET BUSINESSNAME ="" CONSTRAINT ="" DATABASETYPE ="Microsoft SQL Server" DESCRIPTION ="" NAME ="DIM_Loan_Details" OBJECTVERSION ="1" TABLEOPTIONS ="" VERSIONNUMBER ="1">
        <TARGETFIELD BUSINESSNAME ="" DATATYPE ="int" DESCRIPTION ="" FIELDNUMBER ="1" KEYTYPE ="PRIMARY KEY" NAME ="LoanID" NULLABLE ="NOTNULL" PICTURETEXT ="" PRECISION ="10" SCALE ="0"/>
        <TARGETFIELD BUSINESSNAME ="" DATATYPE ="bigint" DESCRIPTION ="" FIELDNUMBER ="2" KEYTYPE ="NOT A KEY" NAME ="LoanNr_ChkDgt" NULLABLE ="NULL" PICTURETEXT ="" PRECISION ="19" SCALE ="0"/>
        <TARGETFIELD BUSINESSNAME ="" DATATYPE ="varchar" DESCRIPTION ="" FIELDNUMBER ="3" KEYTYPE ="NOT A KEY" NAME ="Name" NULLABLE ="NULL" PICTURETEXT ="" PRECISION ="255" SCALE ="0"/>
        <TARGETFIELD BUSINESSNAME ="" DATATYPE ="int" DESCRIPTION ="" FIELDNUMBER ="4" KEYTYPE ="NOT A KEY" NAME ="Term" NULLABLE ="NULL" PICTURETEXT ="" PRECISION ="10" SCALE ="0"/>
        <TARGETFIELD BUSINESSNAME ="" DATATYPE ="int" DESCRIPTION ="" FIELDNUMBER ="5" KEYTYPE ="NOT A KEY" NAME ="UrbanRural" NULLABLE ="NULL" PICTURETEXT ="" PRECISION ="10" SCALE ="0"/>
        <TARGETFIELD BUSINESSNAME ="" DATATYPE ="char" DESCRIPTION ="" FIELDNUMBER ="6" KEYTYPE ="NOT A KEY" NAME ="LowDoc" NULLABLE ="NULL" PICTURETEXT ="" PRECISION ="1" SCALE ="0"/>
        <TARGETFIELD BUSINESSNAME ="" DATATYPE ="nvarchar" DESCRIPTION ="" FIELDNUMBER ="7" KEYTYPE ="NOT A KEY" NAME ="ChgOffDate" NULLABLE ="NULL" PICTURETEXT ="" PRECISION ="23" SCALE ="0"/>
        <TARGETFIELD BUSINESSNAME ="" DATATYPE ="datetime" DESCRIPTION ="" FIELDNUMBER ="8" KEYTYPE ="NOT A KEY" NAME ="CreatedDate" NULLABLE ="NULL" PICTURETEXT ="" PRECISION ="23" SCALE ="3"/>
        <TARGETFIELD BUSINESSNAME ="" DATATYPE ="datetime" DESCRIPTION ="" FIELDNUMBER ="9" KEYTYPE ="NOT A KEY" NAME ="UpdatedDate" NULLABLE ="NULL" PICTURETEXT ="" PRECISION ="23" SCALE ="3"/>
        <TARGETFIELD BUSINESSNAME ="" DATATYPE ="nvarchar" DESCRIPTION ="" FIELDNUMBER ="10" KEYTYPE ="NOT A KEY" NAME ="ApprovalDate" NULLABLE ="NULL" PICTURETEXT ="" PRECISION ="23" SCALE ="0"/>
        <TARGETFIELD BUSINESSNAME ="" DATATYPE ="char" DESCRIPTION ="" FIELDNUMBER ="11" KEYTYPE ="NOT A KEY" NAME ="RevLineCr" NULLABLE ="NULL" PICTURETEXT ="" PRECISION ="1" SCALE ="0"/>
    </TARGET>
    <MAPPING DESCRIPTION ="" ISVALID ="YES" NAME ="mC_DIM_Loan_Details " OBJECTVERSION ="1" VERSIONNUMBER ="1">
        <TRANSFORMATION DESCRIPTION ="" NAME ="SQ_LoanData" OBJECTVERSION ="1" REUSABLE ="NO" TYPE ="Source Qualifier" VERSIONNUMBER ="1">
            <TRANSFORMFIELD DATATYPE ="bigint" DEFAULTVALUE ="" DESCRIPTION ="" NAME ="LoanNr_ChkDgt" PICTURETEXT ="" PORTTYPE ="INPUT/OUTPUT" PRECISION ="19" SCALE ="0"/>
            <TRANSFORMFIELD DATATYPE ="string" DEFAULTVALUE ="" DESCRIPTION ="" NAME ="Name" PICTURETEXT ="" PORTTYPE ="INPUT/OUTPUT" PRECISION ="255" SCALE ="0"/>
            <TRANSFORMFIELD DATATYPE ="string" DEFAULTVALUE ="" DESCRIPTION ="" NAME ="City" PICTURETEXT ="" PORTTYPE ="INPUT/OUTPUT" PRECISION ="255" SCALE ="0"/>
            <TRANSFORMFIELD DATATYPE ="string" DEFAULTVALUE ="" DESCRIPTION ="" NAME ="State" PICTURETEXT ="" PORTTYPE ="INPUT/OUTPUT" PRECISION ="2" SCALE ="0"/>
            <TRANSFORMFIELD DATATYPE ="integer" DEFAULTVALUE ="" DESCRIPTION ="" NAME ="Zip" PICTURETEXT ="" PORTTYPE ="INPUT/OUTPUT" PRECISION ="10" SCALE ="0"/>
            <TRANSFORMFIELD DATATYPE ="string" DEFAULTVALUE ="" DESCRIPTION ="" NAME ="Bank" PICTURETEXT ="" PORTTYPE ="INPUT/OUTPUT" PRECISION ="255" SCALE ="0"/>
            <TRANSFORMFIELD DATATYPE ="string" DEFAULTVALUE ="" DESCRIPTION ="" NAME ="BankState" PICTURETEXT ="" PORTTYPE ="INPUT/OUTPUT" PRECISION ="2" SCALE ="0"/>
            <TRANSFORMFIELD DATATYPE ="integer" DEFAULTVALUE ="" DESCRIPTION ="" NAME ="NAICS" PICTURETEXT ="" PORTTYPE ="INPUT/OUTPUT" PRECISION ="10" SCALE ="0"/>
            <TRANSFORMFIELD DATATYPE ="nstring" DEFAULTVALUE ="" DESCRIPTION ="" NAME ="ApprovalDate" PICTURETEXT ="" PORTTYPE ="INPUT/OUTPUT" PRECISION ="29" SCALE ="0"/>
            <TRANSFORMFIELD DATATYPE ="integer" DEFAULTVALUE ="" DESCRIPTION ="" NAME ="ApprovalFY" PICTURETEXT ="" PORTTYPE ="INPUT/OUTPUT" PRECISION ="10" SCALE ="0"/>
            <TRANSFORMFIELD DATATYPE ="integer" DEFAULTVALUE ="" DESCRIPTION ="" NAME ="Term" PICTURETEXT ="" PORTTYPE ="INPUT/OUTPUT" PRECISION ="10" SCALE ="0"/>
            <TRANSFORMFIELD DATATYPE ="integer" DEFAULTVALUE ="" DESCRIPTION ="" NAME ="NoEmp" PICTURETEXT ="" PORTTYPE ="INPUT/OUTPUT" PRECISION ="10" SCALE ="0"/>
            <TRANSFORMFIELD DATATYPE ="integer" DEFAULTVALUE ="" DESCRIPTION ="" NAME ="NewExist" PICTURETEXT ="" PORTTYPE ="INPUT/OUTPUT" PRECISION ="10" SCALE ="0"/>
            <TRANSFORMFIELD DATATYPE ="integer" DEFAULTVALUE ="" DESCRIPTION ="" NAME ="CreateJob" PICTURETEXT ="" PORTTYPE ="INPUT/OUTPUT" PRECISION ="10" SCALE ="0"/>
            <TRANSFORMFIELD DATATYPE ="integer" DEFAULTVALUE ="" DESCRIPTION ="" NAME ="RetainedJob" PICTURETEXT ="" PORTTYPE ="INPUT/OUTPUT" PRECISION ="10" SCALE ="0"/>
            <TRANSFORMFIELD DATATYPE ="integer" DEFAULTVALUE ="" DESCRIPTION ="" NAME ="FranchiseCode" PICTURETEXT ="" PORTTYPE ="INPUT/OUTPUT" PRECISION ="10" SCALE ="0"/>
            <TRANSFORMFIELD DATATYPE ="integer" DEFAULTVALUE ="" DESCRIPTION ="" NAME ="UrbanRural" PICTURETEXT ="" PORTTYPE ="INPUT/OUTPUT" PRECISION ="10" SCALE ="0"/>
            <TRANSFORMFIELD DATATYPE ="string" DEFAULTVALUE ="" DESCRIPTION ="" NAME ="RevLineCr" PICTURETEXT ="" PORTTYPE ="INPUT/OUTPUT" PRECISION ="1" SCALE ="0"/>
            <TRANSFORMFIELD DATATYPE ="string" DEFAULTVALUE ="" DESCRIPTION ="" NAME ="LowDoc" PICTURETEXT ="" PORTTYPE ="INPUT/OUTPUT" PRECISION ="1" SCALE ="0"/>
            <TRANSFORMFIELD DATATYPE ="nstring" DEFAULTVALUE ="" DESCRIPTION ="" NAME ="ChgOffDate" PICTURETEXT ="" PORTTYPE ="INPUT/OUTPUT" PRECISION ="29" SCALE ="0"/>
            <TRANSFORMFIELD DATATYPE ="nstring" DEFAULTVALUE ="" DESCRIPTION ="" NAME ="DisbursementDate" PICTURETEXT ="" PORTTYPE ="INPUT/OUTPUT" PRECISION ="10" SCALE ="0"/>
            <TRANSFORMFIELD DATATYPE ="string" DEFAULTVALUE ="" DESCRIPTION ="" NAME ="DisbursementGross" PICTURETEXT ="" PORTTYPE ="INPUT/OUTPUT" PRECISION ="255" SCALE ="0"/>
            <TRANSFORMFIELD DATATYPE ="string" DEFAULTVALUE ="" DESCRIPTION ="" NAME ="BalanceGross" PICTURETEXT ="" PORTTYPE ="INPUT/OUTPUT" PRECISION ="255" SCALE ="0"/>
            <TRANSFORMFIELD DATATYPE ="string" DEFAULTVALUE ="" DESCRIPTION ="" NAME ="MIS_Status" PICTURETEXT ="" PORTTYPE ="INPUT/OUTPUT" PRECISION ="10" SCALE ="0"/>
            <TRANSFORMFIELD DATATYPE ="string" DEFAULTVALUE ="" DESCRIPTION ="" NAME ="ChgOffPrinGr" PICTURETEXT ="" PORTTYPE ="INPUT/OUTPUT" PRECISION ="255" SCALE ="0"/>
            <TRANSFORMFIELD DATATYPE ="string" DEFAULTVALUE ="" DESCRIPTION ="" NAME ="GrAppv" PICTURETEXT ="" PORTTYPE ="INPUT/OUTPUT" PRECISION ="255" SCALE ="0"/>
            <TRANSFORMFIELD DATATYPE ="string" DEFAULTVALUE ="" DESCRIPTION ="" NAME ="SBA_Appv" PICTURETEXT ="" PORTTYPE ="INPUT/OUTPUT" PRECISION ="255" SCALE ="0"/>
            <TABLEATTRIBUTE NAME ="Sql Query" VALUE =""/>
            <TABLEATTRIBUTE NAME ="User Defined Join" VALUE =""/>
            <TABLEATTRIBUTE NAME ="Source Filter" VALUE =""/>
            <TABLEATTRIBUTE NAME ="Number Of Sorted Ports" VALUE ="0"/>
            <TABLEATTRIBUTE NAME ="Tracing Level" VALUE ="Normal"/>
            <TABLEATTRIBUTE NAME ="Select Distinct" VALUE ="NO"/>
            <TABLEATTRIBUTE NAME ="Is Partitionable" VALUE ="NO"/>
            <TABLEATTRIBUTE NAME ="Pre SQL" VALUE =""/>
            <TABLEATTRIBUTE NAME ="Post SQL" VALUE =""/>
            <TABLEATTRIBUTE NAME ="Output is deterministic" VALUE ="NO"/>
            <TABLEATTRIBUTE NAME ="Output is repeatable" VALUE ="Never"/>
        </TRANSFORMATION>
        <TRANSFORMATION DESCRIPTION ="" NAME ="exp" OBJECTVERSION ="1" REUSABLE ="NO" TYPE ="Expression" VERSIONNUMBER ="1">
            <TRANSFORMFIELD DATATYPE ="string" DEFAULTVALUE ="" DESCRIPTION ="" EXPRESSION ="Name" EXPRESSIONTYPE ="GENERAL" NAME ="Name" PICTURETEXT ="" PORTTYPE ="INPUT/OUTPUT" PRECISION ="255" SCALE ="0"/>
            <TRANSFORMFIELD DATATYPE ="integer" DEFAULTVALUE ="" DESCRIPTION ="" EXPRESSION ="Term" EXPRESSIONTYPE ="GENERAL" NAME ="Term" PICTURETEXT ="" PORTTYPE ="INPUT/OUTPUT" PRECISION ="10" SCALE ="0"/>
            <TRANSFORMFIELD DATATYPE ="integer" DEFAULTVALUE ="" DESCRIPTION ="" EXPRESSION ="UrbanRural" EXPRESSIONTYPE ="GENERAL" NAME ="UrbanRural" PICTURETEXT ="" PORTTYPE ="INPUT/OUTPUT" PRECISION ="10" SCALE ="0"/>
            <TRANSFORMFIELD DATATYPE ="string" DEFAULTVALUE ="" DESCRIPTION ="" EXPRESSION ="LowDoc" EXPRESSIONTYPE ="GENERAL" NAME ="LowDoc" PICTURETEXT ="" PORTTYPE ="INPUT/OUTPUT" PRECISION ="1" SCALE ="0"/>
            <TRANSFORMFIELD DATATYPE ="nstring" DEFAULTVALUE ="" DESCRIPTION ="" NAME ="ChgOffDate" PICTURETEXT ="" PORTTYPE ="INPUT" PRECISION ="10" SCALE ="0"/>
            <TRANSFORMFIELD DATATYPE ="date/time" DEFAULTVALUE ="ERROR(&apos;transformation error&apos;)" DESCRIPTION ="" EXPRESSION ="IIF(LTRIM(RTRIM(ChgOffDate))=&apos;&apos;,NULL ,TO_DATE(ChgOffDate, &apos;YYYY-MM-DD&apos;))" EXPRESSIONTYPE ="GENERAL" NAME ="ChgOffDate_Out" PICTURETEXT ="" PORTTYPE ="OUTPUT" PRECISION ="29" SCALE ="9"/>
            <TRANSFORMFIELD DATATYPE ="nstring" DEFAULTVALUE ="" DESCRIPTION ="" NAME ="ApprovalDate" PICTURETEXT ="" PORTTYPE ="INPUT" PRECISION ="10" SCALE ="0"/>
            <TRANSFORMFIELD DATATYPE ="date/time" DEFAULTVALUE ="ERROR(&apos;transformation error&apos;)" DESCRIPTION ="" EXPRESSION ="IIF(LTRIM(RTRIM(ApprovalDate))=&apos;&apos;,NULL ,TO_DATE(ApprovalDate, &apos;YYYY-MM-DD&apos;))" EXPRESSIONTYPE ="GENERAL" NAME ="ApprovalDateOut" PICTURETEXT ="" PORTTYPE ="OUTPUT" PRECISION ="29" SCALE ="9"/>
            <TRANSFORMFIELD DATATYPE ="string" DEFAULTVALUE ="" DESCRIPTION ="" EXPRESSION ="RevLineCr" EXPRESSIONTYPE ="GENERAL" NAME ="RevLineCr" PICTURETEXT ="" PORTTYPE ="INPUT/OUTPUT" PRECISION ="1" SCALE ="0"/>
            <TRANSFORMFIELD DATATYPE ="date/time" DEFAULTVALUE ="ERROR(&apos;transformation error&apos;)" DESCRIPTION ="" EXPRESSION ="systimestamp()" EXPRESSIONTYPE ="GENERAL" NAME ="datetime" PICTURETEXT ="" PORTTYPE ="OUTPUT" PRECISION ="29" SCALE ="9"/>
            <TABLEATTRIBUTE NAME ="Tracing Level" VALUE ="Normal"/>
        </TRANSFORMATION>
        <TRANSFORMATION DESCRIPTION ="" NAME ="lkp_DIM_Loan_Details" OBJECTVERSION ="1" REUSABLE ="NO" TYPE ="Lookup Procedure" VERSIONNUMBER ="1">
            <TRANSFORMFIELD DATATYPE ="integer" DEFAULTVALUE ="" DESCRIPTION ="" NAME ="LoanID" PICTURETEXT ="" PORTTYPE ="LOOKUP/OUTPUT" PRECISION ="10" SCALE ="0"/>
            <TRANSFORMFIELD DATATYPE ="bigint" DEFAULTVALUE ="9223372036854775806" DESCRIPTION ="" NAME ="LoanNr_ChkDgt" PICTURETEXT ="" PORTTYPE ="LOOKUP/OUTPUT" PRECISION ="19" SCALE ="0"/>
            <TRANSFORMFIELD DATATYPE ="string" DEFAULTVALUE ="" DESCRIPTION ="" NAME ="Name" PICTURETEXT ="" PORTTYPE ="LOOKUP/OUTPUT" PRECISION ="255" SCALE ="0"/>
            <TRANSFORMFIELD DATATYPE ="integer" DEFAULTVALUE ="" DESCRIPTION ="" NAME ="Term" PICTURETEXT ="" PORTTYPE ="LOOKUP/OUTPUT" PRECISION ="10" SCALE ="0"/>
            <TRANSFORMFIELD DATATYPE ="integer" DEFAULTVALUE ="" DESCRIPTION ="" NAME ="UrbanRural" PICTURETEXT ="" PORTTYPE ="LOOKUP/OUTPUT" PRECISION ="10" SCALE ="0"/>
            <TRANSFORMFIELD DATATYPE ="string" DEFAULTVALUE ="" DESCRIPTION ="" NAME ="LowDoc" PICTURETEXT ="" PORTTYPE ="LOOKUP/OUTPUT" PRECISION ="1" SCALE ="0"/>
            <TRANSFORMFIELD DATATYPE ="nstring" DEFAULTVALUE ="" DESCRIPTION ="" NAME ="ChgOffDate" PICTURETEXT ="" PORTTYPE ="LOOKUP/OUTPUT" PRECISION ="29" SCALE ="0"/>
            <TRANSFORMFIELD DATATYPE ="date/time" DEFAULTVALUE ="" DESCRIPTION ="" NAME ="CreatedDate" PICTURETEXT ="" PORTTYPE ="LOOKUP/OUTPUT" PRECISION ="29" SCALE ="9"/>
            <TRANSFORMFIELD DATATYPE ="date/time" DEFAULTVALUE ="" DESCRIPTION ="" NAME ="UpdatedDate" PICTURETEXT ="" PORTTYPE ="LOOKUP/OUTPUT" PRECISION ="29" SCALE ="9"/>
            <TRANSFORMFIELD DATATYPE ="nstring" DEFAULTVALUE ="" DESCRIPTION ="" NAME ="ApprovalDate" PICTURETEXT ="" PORTTYPE ="LOOKUP/OUTPUT" PRECISION ="29" SCALE ="0"/>
            <TRANSFORMFIELD DATATYPE ="string" DEFAULTVALUE ="" DESCRIPTION ="" NAME ="RevLineCr" PICTURETEXT ="" PORTTYPE ="LOOKUP/OUTPUT" PRECISION ="1" SCALE ="0"/>
            <TRANSFORMFIELD DATATYPE ="bigint" DEFAULTVALUE ="" DESCRIPTION ="" NAME ="LoanNr_ChkDgt_Src" PICTURETEXT ="" PORTTYPE ="INPUT/OUTPUT" PRECISION ="19" SCALE ="0"/>
            <TABLEATTRIBUTE NAME ="Lookup Sql Override" VALUE =""/>
            <TABLEATTRIBUTE NAME ="Lookup table name" VALUE ="DIM_Loan_Details"/>
            <TABLEATTRIBUTE NAME ="Lookup Source Filter" VALUE =""/>
            <TABLEATTRIBUTE NAME ="Lookup caching enabled" VALUE ="YES"/>
            <TABLEATTRIBUTE NAME ="Lookup policy on multiple match" VALUE ="Use Any Value"/>
            <TABLEATTRIBUTE NAME ="Lookup condition" VALUE ="LoanNr_ChkDgt = LoanNr_ChkDgt_Src"/>
            <TABLEATTRIBUTE NAME ="Connection Information" VALUE ="$Target"/>
            <TABLEATTRIBUTE NAME ="Source Type" VALUE ="Database"/>
            <TABLEATTRIBUTE NAME ="Recache if Stale" VALUE ="NO"/>
            <TABLEATTRIBUTE NAME ="Tracing Level" VALUE ="Normal"/>
            <TABLEATTRIBUTE NAME ="Lookup cache directory name" VALUE ="$PMCacheDir"/>
            <TABLEATTRIBUTE NAME ="Lookup cache initialize" VALUE ="NO"/>
            <TABLEATTRIBUTE NAME ="Lookup cache persistent" VALUE ="NO"/>
            <TABLEATTRIBUTE NAME ="Lookup Data Cache Size" VALUE ="Auto"/>
            <TABLEATTRIBUTE NAME ="Lookup Index Cache Size" VALUE ="Auto"/>
            <TABLEATTRIBUTE NAME ="Dynamic Lookup Cache" VALUE ="NO"/>
            <TABLEATTRIBUTE NAME ="Synchronize Dynamic Cache" VALUE ="NO"/>
            <TABLEATTRIBUTE NAME ="Output Old Value On Update" VALUE ="NO"/>
            <TABLEATTRIBUTE NAME ="Update Dynamic Cache Condition" VALUE ="TRUE"/>
            <TABLEATTRIBUTE NAME ="Cache File Name Prefix" VALUE =""/>
            <TABLEATTRIBUTE NAME ="Re-cache from lookup source" VALUE ="NO"/>
            <TABLEATTRIBUTE NAME ="Insert Else Update" VALUE ="NO"/>
            <TABLEATTRIBUTE NAME ="Update Else Insert" VALUE ="NO"/>
            <TABLEATTRIBUTE NAME ="Datetime Format" VALUE =""/>
            <TABLEATTRIBUTE NAME ="Thousand Separator" VALUE ="None"/>
            <TABLEATTRIBUTE NAME ="Decimal Separator" VALUE ="."/>
            <TABLEATTRIBUTE NAME ="Case Sensitive String Comparison" VALUE ="NO"/>
            <TABLEATTRIBUTE NAME ="Null ordering" VALUE ="Null Is Highest Value"/>
            <TABLEATTRIBUTE NAME ="Sorted Input" VALUE ="NO"/>
            <TABLEATTRIBUTE NAME ="Lookup source is static" VALUE ="NO"/>
            <TABLEATTRIBUTE NAME ="Pre-build lookup cache" VALUE ="Auto"/>
            <TABLEATTRIBUTE NAME ="Subsecond Precision" VALUE ="6"/>
        </TRANSFORMATION>
        <TRANSFORMATION DESCRIPTION ="" NAME ="seq" OBJECTVERSION ="1" REUSABLE ="NO" TYPE ="Sequence" VERSIONNUMBER ="1">
            <TRANSFORMFIELD DATATYPE ="bigint" DEFAULTVALUE ="ERROR(&apos;transformation error&apos;)" DESCRIPTION ="" NAME ="NEXTVAL" PICTURETEXT ="" PORTTYPE ="OUTPUT" PRECISION ="19" SCALE ="0"/>
            <TRANSFORMFIELD DATATYPE ="bigint" DEFAULTVALUE ="ERROR(&apos;transformation error&apos;)" DESCRIPTION ="" NAME ="CURRVAL" PICTURETEXT ="" PORTTYPE ="OUTPUT" PRECISION ="19" SCALE ="0"/>
            <TABLEATTRIBUTE NAME ="Start Value" VALUE ="1"/>
            <TABLEATTRIBUTE NAME ="Increment By" VALUE ="1"/>
            <TABLEATTRIBUTE NAME ="End Value" VALUE ="9223372036854775807"/>
            <TABLEATTRIBUTE NAME ="Current Value" VALUE ="2442294"/>
            <TABLEATTRIBUTE NAME ="Cycle" VALUE ="NO"/>
            <TABLEATTRIBUTE NAME ="Number of Cached Values" VALUE ="0"/>
            <TABLEATTRIBUTE NAME ="Reset" VALUE ="NO"/>
            <TABLEATTRIBUTE NAME ="Is Current Value Shared" VALUE ="NO"/>
            <TABLEATTRIBUTE NAME ="Tracing Level" VALUE ="Normal"/>
        </TRANSFORMATION>
        <TRANSFORMATION DESCRIPTION ="" NAME ="update" OBJECTVERSION ="1" REUSABLE ="NO" TYPE ="Update Strategy" VERSIONNUMBER ="1">
            <TRANSFORMFIELD DATATYPE ="bigint" DEFAULTVALUE ="" DESCRIPTION ="" NAME ="LoanNr_ChkDgt3" PICTURETEXT ="" PORTTYPE ="INPUT/OUTPUT" PRECISION ="19" SCALE ="0"/>
            <TRANSFORMFIELD DATATYPE ="integer" DEFAULTVALUE ="" DESCRIPTION ="" NAME ="LoanID3" PICTURETEXT ="" PORTTYPE ="INPUT/OUTPUT" PRECISION ="10" SCALE ="0"/>
            <TRANSFORMFIELD DATATYPE ="string" DEFAULTVALUE ="" DESCRIPTION ="" NAME ="Name_Src3" PICTURETEXT ="" PORTTYPE ="INPUT/OUTPUT" PRECISION ="255" SCALE ="0"/>
            <TRANSFORMFIELD DATATYPE ="integer" DEFAULTVALUE ="" DESCRIPTION ="" NAME ="Term_Src3" PICTURETEXT ="" PORTTYPE ="INPUT/OUTPUT" PRECISION ="10" SCALE ="0"/>
            <TRANSFORMFIELD DATATYPE ="integer" DEFAULTVALUE ="" DESCRIPTION ="" NAME ="UrbanRural_Src3" PICTURETEXT ="" PORTTYPE ="INPUT/OUTPUT" PRECISION ="10" SCALE ="0"/>
            <TRANSFORMFIELD DATATYPE ="string" DEFAULTVALUE ="" DESCRIPTION ="" NAME ="LowDoc_Src3" PICTURETEXT ="" PORTTYPE ="INPUT/OUTPUT" PRECISION ="1" SCALE ="0"/>
            <TRANSFORMFIELD DATATYPE ="date/time" DEFAULTVALUE ="" DESCRIPTION ="" NAME ="ChgOffDate_Out_Src3" PICTURETEXT ="" PORTTYPE ="INPUT/OUTPUT" PRECISION ="29" SCALE ="9"/>
            <TRANSFORMFIELD DATATYPE ="date/time" DEFAULTVALUE ="" DESCRIPTION ="" NAME ="ApprovalDateOut_Src3" PICTURETEXT ="" PORTTYPE ="INPUT/OUTPUT" PRECISION ="29" SCALE ="9"/>
            <TRANSFORMFIELD DATATYPE ="string" DEFAULTVALUE ="" DESCRIPTION ="" NAME ="RevLineCr_Src3" PICTURETEXT ="" PORTTYPE ="INPUT/OUTPUT" PRECISION ="1" SCALE ="0"/>
            <TRANSFORMFIELD DATATYPE ="date/time" DEFAULTVALUE ="" DESCRIPTION ="" NAME ="datetime3" PICTURETEXT ="" PORTTYPE ="INPUT/OUTPUT" PRECISION ="29" SCALE ="9"/>
            <TABLEATTRIBUTE NAME ="Update Strategy Expression" VALUE ="DD_UPDATE"/>
            <TABLEATTRIBUTE NAME ="Forward Rejected Rows" VALUE ="YES"/>
            <TABLEATTRIBUTE NAME ="Tracing Level" VALUE ="Normal"/>
        </TRANSFORMATION>
        <TRANSFORMATION DESCRIPTION ="" NAME ="router" OBJECTVERSION ="1" REUSABLE ="NO" TYPE ="Router" VERSIONNUMBER ="1">
            <GROUP DESCRIPTION ="" NAME ="INPUT" ORDER ="1" TYPE ="INPUT"/>
            <GROUP DESCRIPTION ="" EXPRESSION ="IIF(LoanNr_ChkDgt = 9223372036854775806,true,false)" NAME ="insert" ORDER ="2" TYPE ="OUTPUT"/>
            <GROUP DESCRIPTION ="Path for the data when none of the group conditions are satisfied." NAME ="DEFAULT1" ORDER ="4" TYPE ="OUTPUT/DEFAULT"/>
            <GROUP DESCRIPTION ="" EXPRESSION ="IIF(LoanNr_ChkDgt = LoanNr_ChkDgt_Src and LoanNr_ChkDgt != 9223372036854775806 and (Name != Name1 or Term != Term1 or UrbanRural != UrbanRural1 or LowDoc != LowDoc1 or ChgOffDate != ChgOffDate_Out or ApprovalDate != ApprovalDateOut or RevLineCr != RevLineCr1),true,false)" NAME ="update" ORDER ="3" TYPE ="OUTPUT"/>
            <TRANSFORMFIELD DATATYPE ="integer" DEFAULTVALUE ="" DESCRIPTION ="" GROUP ="INPUT" NAME ="LoanID" PICTURETEXT ="" PORTTYPE ="INPUT" PRECISION ="10" SCALE ="0"/>
            <TRANSFORMFIELD DATATYPE ="bigint" DEFAULTVALUE ="" DESCRIPTION ="" GROUP ="INPUT" NAME ="LoanNr_ChkDgt" PICTURETEXT ="" PORTTYPE ="INPUT" PRECISION ="19" SCALE ="0"/>
            <TRANSFORMFIELD DATATYPE ="string" DEFAULTVALUE ="" DESCRIPTION ="" GROUP ="INPUT" NAME ="Name" PICTURETEXT ="" PORTTYPE ="INPUT" PRECISION ="255" SCALE ="0"/>
            <TRANSFORMFIELD DATATYPE ="integer" DEFAULTVALUE ="" DESCRIPTION ="" GROUP ="INPUT" NAME ="Term" PICTURETEXT ="" PORTTYPE ="INPUT" PRECISION ="10" SCALE ="0"/>
            <TRANSFORMFIELD DATATYPE ="integer" DEFAULTVALUE ="" DESCRIPTION ="" GROUP ="INPUT" NAME ="UrbanRural" PICTURETEXT ="" PORTTYPE ="INPUT" PRECISION ="10" SCALE ="0"/>
            <TRANSFORMFIELD DATATYPE ="string" DEFAULTVALUE ="" DESCRIPTION ="" GROUP ="INPUT" NAME ="LowDoc" PICTURETEXT ="" PORTTYPE ="INPUT" PRECISION ="1" SCALE ="0"/>
            <TRANSFORMFIELD DATATYPE ="date/time" DEFAULTVALUE ="" DESCRIPTION ="" GROUP ="INPUT" NAME ="ChgOffDate" PICTURETEXT ="" PORTTYPE ="INPUT" PRECISION ="29" SCALE ="9"/>
            <TRANSFORMFIELD DATATYPE ="date/time" DEFAULTVALUE ="" DESCRIPTION ="" GROUP ="INPUT" NAME ="CreatedDate" PICTURETEXT ="" PORTTYPE ="INPUT" PRECISION ="29" SCALE ="9"/>
            <TRANSFORMFIELD DATATYPE ="date/time" DEFAULTVALUE ="" DESCRIPTION ="" GROUP ="INPUT" NAME ="UpdatedDate" PICTURETEXT ="" PORTTYPE ="INPUT" PRECISION ="29" SCALE ="9"/>
            <TRANSFORMFIELD DATATYPE ="date/time" DEFAULTVALUE ="" DESCRIPTION ="" GROUP ="INPUT" NAME ="ApprovalDate" PICTURETEXT ="" PORTTYPE ="INPUT" PRECISION ="29" SCALE ="9"/>
            <TRANSFORMFIELD DATATYPE ="string" DEFAULTVALUE ="" DESCRIPTION ="" GROUP ="INPUT" NAME ="RevLineCr" PICTURETEXT ="" PORTTYPE ="INPUT" PRECISION ="1" SCALE ="0"/>
            <TRANSFORMFIELD DATATYPE ="bigint" DEFAULTVALUE ="" DESCRIPTION ="" GROUP ="INPUT" NAME ="LoanNr_ChkDgt_Src" PICTURETEXT ="" PORTTYPE ="INPUT" PRECISION ="19" SCALE ="0"/>
            <TRANSFORMFIELD DATATYPE ="string" DEFAULTVALUE ="" DESCRIPTION ="" GROUP ="INPUT" NAME ="Name1" PICTURETEXT ="" PORTTYPE ="INPUT" PRECISION ="255" SCALE ="0"/>
            <TRANSFORMFIELD DATATYPE ="integer" DEFAULTVALUE ="" DESCRIPTION ="" GROUP ="INPUT" NAME ="Term1" PICTURETEXT ="" PORTTYPE ="INPUT" PRECISION ="10" SCALE ="0"/>
            <TRANSFORMFIELD DATATYPE ="integer" DEFAULTVALUE ="" DESCRIPTION ="" GROUP ="INPUT" NAME ="UrbanRural1" PICTURETEXT ="" PORTTYPE ="INPUT" PRECISION ="10" SCALE ="0"/>
            <TRANSFORMFIELD DATATYPE ="string" DEFAULTVALUE ="" DESCRIPTION ="" GROUP ="INPUT" NAME ="LowDoc1" PICTURETEXT ="" PORTTYPE ="INPUT" PRECISION ="1" SCALE ="0"/>
            <TRANSFORMFIELD DATATYPE ="nstring" DEFAULTVALUE ="" DESCRIPTION ="" GROUP ="INPUT" NAME ="ChgOffDate1" PICTURETEXT ="" PORTTYPE ="INPUT" PRECISION ="10" SCALE ="0"/>
            <TRANSFORMFIELD DATATYPE ="date/time" DEFAULTVALUE ="" DESCRIPTION ="" GROUP ="INPUT" NAME ="ChgOffDate_Out" PICTURETEXT ="" PORTTYPE ="INPUT" PRECISION ="29" SCALE ="9"/>
            <TRANSFORMFIELD DATATYPE ="nstring" DEFAULTVALUE ="" DESCRIPTION ="" GROUP ="INPUT" NAME ="ApprovalDate1" PICTURETEXT ="" PORTTYPE ="INPUT" PRECISION ="10" SCALE ="0"/>
            <TRANSFORMFIELD DATATYPE ="date/time" DEFAULTVALUE ="" DESCRIPTION ="" GROUP ="INPUT" NAME ="ApprovalDateOut" PICTURETEXT ="" PORTTYPE ="INPUT" PRECISION ="29" SCALE ="9"/>
            <TRANSFORMFIELD DATATYPE ="string" DEFAULTVALUE ="" DESCRIPTION ="" GROUP ="INPUT" NAME ="RevLineCr1" PICTURETEXT ="" PORTTYPE ="INPUT" PRECISION ="1" SCALE ="0"/>
            <TRANSFORMFIELD DATATYPE ="date/time" DEFAULTVALUE ="" DESCRIPTION ="" GROUP ="INPUT" NAME ="datetime" PICTURETEXT ="" PORTTYPE ="INPUT" PRECISION ="29" SCALE ="9"/>
            <TRANSFORMFIELD DATATYPE ="integer" DEFAULTVALUE ="" DESCRIPTION ="" GROUP ="insert" NAME ="LoanID1" PICTURETEXT ="" PORTTYPE ="OUTPUT" PRECISION ="10" REF_FIELD ="LoanID" SCALE ="0"/>
            <TRANSFORMFIELD DATATYPE ="bigint" DEFAULTVALUE ="" DESCRIPTION ="" GROUP ="insert" NAME ="LoanNr_ChkDgt1" PICTURETEXT ="" PORTTYPE ="OUTPUT" PRECISION ="19" REF_FIELD ="LoanNr_ChkDgt" SCALE ="0"/>
            <TRANSFORMFIELD DATATYPE ="string" DEFAULTVALUE ="" DESCRIPTION ="" GROUP ="insert" NAME ="Name2" PICTURETEXT ="" PORTTYPE ="OUTPUT" PRECISION ="255" REF_FIELD ="Name" SCALE ="0"/>
            <TRANSFORMFIELD DATATYPE ="integer" DEFAULTVALUE ="" DESCRIPTION ="" GROUP ="insert" NAME ="Term2" PICTURETEXT ="" PORTTYPE ="OUTPUT" PRECISION ="10" REF_FIELD ="Term" SCALE ="0"/>
            <TRANSFORMFIELD DATATYPE ="integer" DEFAULTVALUE ="" DESCRIPTION ="" GROUP ="insert" NAME ="UrbanRural2" PICTURETEXT ="" PORTTYPE ="OUTPUT" PRECISION ="10" REF_FIELD ="UrbanRural" SCALE ="0"/>
            <TRANSFORMFIELD DATATYPE ="string" DEFAULTVALUE ="" DESCRIPTION ="" GROUP ="insert" NAME ="LowDoc2" PICTURETEXT ="" PORTTYPE ="OUTPUT" PRECISION ="1" REF_FIELD ="LowDoc" SCALE ="0"/>
            <TRANSFORMFIELD DATATYPE ="date/time" DEFAULTVALUE ="" DESCRIPTION ="" GROUP ="insert" NAME ="ChgOffDate2" PICTURETEXT ="" PORTTYPE ="OUTPUT" PRECISION ="29" REF_FIELD ="ChgOffDate" SCALE ="9"/>
            <TRANSFORMFIELD DATATYPE ="date/time" DEFAULTVALUE ="" DESCRIPTION ="" GROUP ="insert" NAME ="CreatedDate1" PICTURETEXT ="" PORTTYPE ="OUTPUT" PRECISION ="29" REF_FIELD ="CreatedDate" SCALE ="9"/>
            <TRANSFORMFIELD DATATYPE ="date/time" DEFAULTVALUE ="" DESCRIPTION ="" GROUP ="insert" NAME ="UpdatedDate1" PICTURETEXT ="" PORTTYPE ="OUTPUT" PRECISION ="29" REF_FIELD ="UpdatedDate" SCALE ="9"/>
            <TRANSFORMFIELD DATATYPE ="date/time" DEFAULTVALUE ="" DESCRIPTION ="" GROUP ="insert" NAME ="ApprovalDate2" PICTURETEXT ="" PORTTYPE ="OUTPUT" PRECISION ="29" REF_FIELD ="ApprovalDate" SCALE ="9"/>
            <TRANSFORMFIELD DATATYPE ="string" DEFAULTVALUE ="" DESCRIPTION ="" GROUP ="insert" NAME ="RevLineCr2" PICTURETEXT ="" PORTTYPE ="OUTPUT" PRECISION ="1" REF_FIELD ="RevLineCr" SCALE ="0"/>
            <TRANSFORMFIELD DATATYPE ="bigint" DEFAULTVALUE ="" DESCRIPTION ="" GROUP ="insert" NAME ="LoanNr_ChkDgt_Src1" PICTURETEXT ="" PORTTYPE ="OUTPUT" PRECISION ="19" REF_FIELD ="LoanNr_ChkDgt_Src" SCALE ="0"/>
            <TRANSFORMFIELD DATATYPE ="string" DEFAULTVALUE ="" DESCRIPTION ="" GROUP ="insert" NAME ="Name11" PICTURETEXT ="" PORTTYPE ="OUTPUT" PRECISION ="255" REF_FIELD ="Name1" SCALE ="0"/>
            <TRANSFORMFIELD DATATYPE ="integer" DEFAULTVALUE ="" DESCRIPTION ="" GROUP ="insert" NAME ="Term11" PICTURETEXT ="" PORTTYPE ="OUTPUT" PRECISION ="10" REF_FIELD ="Term1" SCALE ="0"/>
            <TRANSFORMFIELD DATATYPE ="integer" DEFAULTVALUE ="" DESCRIPTION ="" GROUP ="insert" NAME ="UrbanRural11" PICTURETEXT ="" PORTTYPE ="OUTPUT" PRECISION ="10" REF_FIELD ="UrbanRural1" SCALE ="0"/>
            <TRANSFORMFIELD DATATYPE ="string" DEFAULTVALUE ="" DESCRIPTION ="" GROUP ="insert" NAME ="LowDoc11" PICTURETEXT ="" PORTTYPE ="OUTPUT" PRECISION ="1" REF_FIELD ="LowDoc1" SCALE ="0"/>
            <TRANSFORMFIELD DATATYPE ="nstring" DEFAULTVALUE ="" DESCRIPTION ="" GROUP ="insert" NAME ="ChgOffDate11" PICTURETEXT ="" PORTTYPE ="OUTPUT" PRECISION ="10" REF_FIELD ="ChgOffDate1" SCALE ="0"/>
            <TRANSFORMFIELD DATATYPE ="date/time" DEFAULTVALUE ="" DESCRIPTION ="" GROUP ="insert" NAME ="ChgOffDate_Out1" PICTURETEXT ="" PORTTYPE ="OUTPUT" PRECISION ="29" REF_FIELD ="ChgOffDate_Out" SCALE ="9"/>
            <TRANSFORMFIELD DATATYPE ="nstring" DEFAULTVALUE ="" DESCRIPTION ="" GROUP ="insert" NAME ="ApprovalDate11" PICTURETEXT ="" PORTTYPE ="OUTPUT" PRECISION ="10" REF_FIELD ="ApprovalDate1" SCALE ="0"/>
            <TRANSFORMFIELD DATATYPE ="date/time" DEFAULTVALUE ="" DESCRIPTION ="" GROUP ="insert" NAME ="ApprovalDateOut1" PICTURETEXT ="" PORTTYPE ="OUTPUT" PRECISION ="29" REF_FIELD ="ApprovalDateOut" SCALE ="9"/>
            <TRANSFORMFIELD DATATYPE ="string" DEFAULTVALUE ="" DESCRIPTION ="" GROUP ="insert" NAME ="RevLineCr11" PICTURETEXT ="" PORTTYPE ="OUTPUT" PRECISION ="1" REF_FIELD ="RevLineCr1" SCALE ="0"/>
            <TRANSFORMFIELD DATATYPE ="date/time" DEFAULTVALUE ="" DESCRIPTION ="" GROUP ="insert" NAME ="datetime1" PICTURETEXT ="" PORTTYPE ="OUTPUT" PRECISION ="29" REF_FIELD ="datetime" SCALE ="9"/>
            <TRANSFORMFIELD DATATYPE ="integer" DEFAULTVALUE ="" DESCRIPTION ="" GROUP ="update" NAME ="LoanID3" PICTURETEXT ="" PORTTYPE ="OUTPUT" PRECISION ="10" REF_FIELD ="LoanID" SCALE ="0"/>
            <TRANSFORMFIELD DATATYPE ="bigint" DEFAULTVALUE ="" DESCRIPTION ="" GROUP ="update" NAME ="LoanNr_ChkDgt3" PICTURETEXT ="" PORTTYPE ="OUTPUT" PRECISION ="19" REF_FIELD ="LoanNr_ChkDgt" SCALE ="0"/>
            <TRANSFORMFIELD DATATYPE ="string" DEFAULTVALUE ="" DESCRIPTION ="" GROUP ="update" NAME ="Name4" PICTURETEXT ="" PORTTYPE ="OUTPUT" PRECISION ="255" REF_FIELD ="Name" SCALE ="0"/>
            <TRANSFORMFIELD DATATYPE ="integer" DEFAULTVALUE ="" DESCRIPTION ="" GROUP ="update" NAME ="Term4" PICTURETEXT ="" PORTTYPE ="OUTPUT" PRECISION ="10" REF_FIELD ="Term" SCALE ="0"/>
            <TRANSFORMFIELD DATATYPE ="integer" DEFAULTVALUE ="" DESCRIPTION ="" GROUP ="update" NAME ="UrbanRural4" PICTURETEXT ="" PORTTYPE ="OUTPUT" PRECISION ="10" REF_FIELD ="UrbanRural" SCALE ="0"/>
            <TRANSFORMFIELD DATATYPE ="string" DEFAULTVALUE ="" DESCRIPTION ="" GROUP ="update" NAME ="LowDoc4" PICTURETEXT ="" PORTTYPE ="OUTPUT" PRECISION ="1" REF_FIELD ="LowDoc" SCALE ="0"/>
            <TRANSFORMFIELD DATATYPE ="date/time" DEFAULTVALUE ="" DESCRIPTION ="" GROUP ="update" NAME ="ChgOffDate4" PICTURETEXT ="" PORTTYPE ="OUTPUT" PRECISION ="29" REF_FIELD ="ChgOffDate" SCALE ="9"/>
            <TRANSFORMFIELD DATATYPE ="date/time" DEFAULTVALUE ="" DESCRIPTION ="" GROUP ="update" NAME ="CreatedDate3" PICTURETEXT ="" PORTTYPE ="OUTPUT" PRECISION ="29" REF_FIELD ="CreatedDate" SCALE ="9"/>
            <TRANSFORMFIELD DATATYPE ="date/time" DEFAULTVALUE ="" DESCRIPTION ="" GROUP ="update" NAME ="UpdatedDate3" PICTURETEXT ="" PORTTYPE ="OUTPUT" PRECISION ="29" REF_FIELD ="UpdatedDate" SCALE ="9"/>
            <TRANSFORMFIELD DATATYPE ="date/time" DEFAULTVALUE ="" DESCRIPTION ="" GROUP ="update" NAME ="ApprovalDate4" PICTURETEXT ="" PORTTYPE ="OUTPUT" PRECISION ="29" REF_FIELD ="ApprovalDate" SCALE ="9"/>
            <TRANSFORMFIELD DATATYPE ="string" DEFAULTVALUE ="" DESCRIPTION ="" GROUP ="update" NAME ="RevLineCr4" PICTURETEXT ="" PORTTYPE ="OUTPUT" PRECISION ="1" REF_FIELD ="RevLineCr" SCALE ="0"/>
            <TRANSFORMFIELD DATATYPE ="bigint" DEFAULTVALUE ="" DESCRIPTION ="" GROUP ="update" NAME ="LoanNr_ChkDgt_Src3" PICTURETEXT ="" PORTTYPE ="OUTPUT" PRECISION ="19" REF_FIELD ="LoanNr_ChkDgt_Src" SCALE ="0"/>
            <TRANSFORMFIELD DATATYPE ="string" DEFAULTVALUE ="" DESCRIPTION ="" GROUP ="update" NAME ="Name13" PICTURETEXT ="" PORTTYPE ="OUTPUT" PRECISION ="255" REF_FIELD ="Name1" SCALE ="0"/>
            <TRANSFORMFIELD DATATYPE ="integer" DEFAULTVALUE ="" DESCRIPTION ="" GROUP ="update" NAME ="Term13" PICTURETEXT ="" PORTTYPE ="OUTPUT" PRECISION ="10" REF_FIELD ="Term1" SCALE ="0"/>
            <TRANSFORMFIELD DATATYPE ="integer" DEFAULTVALUE ="" DESCRIPTION ="" GROUP ="update" NAME ="UrbanRural13" PICTURETEXT ="" PORTTYPE ="OUTPUT" PRECISION ="10" REF_FIELD ="UrbanRural1" SCALE ="0"/>
            <TRANSFORMFIELD DATATYPE ="string" DEFAULTVALUE ="" DESCRIPTION ="" GROUP ="update" NAME ="LowDoc13" PICTURETEXT ="" PORTTYPE ="OUTPUT" PRECISION ="1" REF_FIELD ="LowDoc1" SCALE ="0"/>
            <TRANSFORMFIELD DATATYPE ="nstring" DEFAULTVALUE ="" DESCRIPTION ="" GROUP ="update" NAME ="ChgOffDate13" PICTURETEXT ="" PORTTYPE ="OUTPUT" PRECISION ="10" REF_FIELD ="ChgOffDate1" SCALE ="0"/>
            <TRANSFORMFIELD DATATYPE ="date/time" DEFAULTVALUE ="" DESCRIPTION ="" GROUP ="update" NAME ="ChgOffDate_Out3" PICTURETEXT ="" PORTTYPE ="OUTPUT" PRECISION ="29" REF_FIELD ="ChgOffDate_Out" SCALE ="9"/>
            <TRANSFORMFIELD DATATYPE ="nstring" DEFAULTVALUE ="" DESCRIPTION ="" GROUP ="update" NAME ="ApprovalDate13" PICTURETEXT ="" PORTTYPE ="OUTPUT" PRECISION ="10" REF_FIELD ="ApprovalDate1" SCALE ="0"/>
            <TRANSFORMFIELD DATATYPE ="date/time" DEFAULTVALUE ="" DESCRIPTION ="" GROUP ="update" NAME ="ApprovalDateOut3" PICTURETEXT ="" PORTTYPE ="OUTPUT" PRECISION ="29" REF_FIELD ="ApprovalDateOut" SCALE ="9"/>
            <TRANSFORMFIELD DATATYPE ="string" DEFAULTVALUE ="" DESCRIPTION ="" GROUP ="update" NAME ="RevLineCr13" PICTURETEXT ="" PORTTYPE ="OUTPUT" PRECISION ="1" REF_FIELD ="RevLineCr1" SCALE ="0"/>
            <TRANSFORMFIELD DATATYPE ="date/time" DEFAULTVALUE ="" DESCRIPTION ="" GROUP ="update" NAME ="datetime3" PICTURETEXT ="" PORTTYPE ="OUTPUT" PRECISION ="29" REF_FIELD ="datetime" SCALE ="9"/>
            <TRANSFORMFIELD DATATYPE ="integer" DEFAULTVALUE ="" DESCRIPTION ="" GROUP ="DEFAULT1" NAME ="LoanID2" PICTURETEXT ="" PORTTYPE ="OUTPUT" PRECISION ="10" REF_FIELD ="LoanID" SCALE ="0"/>
            <TRANSFORMFIELD DATATYPE ="bigint" DEFAULTVALUE ="" DESCRIPTION ="" GROUP ="DEFAULT1" NAME ="LoanNr_ChkDgt2" PICTURETEXT ="" PORTTYPE ="OUTPUT" PRECISION ="19" REF_FIELD ="LoanNr_ChkDgt" SCALE ="0"/>
            <TRANSFORMFIELD DATATYPE ="string" DEFAULTVALUE ="" DESCRIPTION ="" GROUP ="DEFAULT1" NAME ="Name3" PICTURETEXT ="" PORTTYPE ="OUTPUT" PRECISION ="255" REF_FIELD ="Name" SCALE ="0"/>
            <TRANSFORMFIELD DATATYPE ="integer" DEFAULTVALUE ="" DESCRIPTION ="" GROUP ="DEFAULT1" NAME ="Term3" PICTURETEXT ="" PORTTYPE ="OUTPUT" PRECISION ="10" REF_FIELD ="Term" SCALE ="0"/>
            <TRANSFORMFIELD DATATYPE ="integer" DEFAULTVALUE ="" DESCRIPTION ="" GROUP ="DEFAULT1" NAME ="UrbanRural3" PICTURETEXT ="" PORTTYPE ="OUTPUT" PRECISION ="10" REF_FIELD ="UrbanRural" SCALE ="0"/>
            <TRANSFORMFIELD DATATYPE ="string" DEFAULTVALUE ="" DESCRIPTION ="" GROUP ="DEFAULT1" NAME ="LowDoc3" PICTURETEXT ="" PORTTYPE ="OUTPUT" PRECISION ="1" REF_FIELD ="LowDoc" SCALE ="0"/>
            <TRANSFORMFIELD DATATYPE ="date/time" DEFAULTVALUE ="" DESCRIPTION ="" GROUP ="DEFAULT1" NAME ="ChgOffDate3" PICTURETEXT ="" PORTTYPE ="OUTPUT" PRECISION ="29" REF_FIELD ="ChgOffDate" SCALE ="9"/>
            <TRANSFORMFIELD DATATYPE ="date/time" DEFAULTVALUE ="" DESCRIPTION ="" GROUP ="DEFAULT1" NAME ="CreatedDate2" PICTURETEXT ="" PORTTYPE ="OUTPUT" PRECISION ="29" REF_FIELD ="CreatedDate" SCALE ="9"/>
            <TRANSFORMFIELD DATATYPE ="date/time" DEFAULTVALUE ="" DESCRIPTION ="" GROUP ="DEFAULT1" NAME ="UpdatedDate2" PICTURETEXT ="" PORTTYPE ="OUTPUT" PRECISION ="29" REF_FIELD ="UpdatedDate" SCALE ="9"/>
            <TRANSFORMFIELD DATATYPE ="date/time" DEFAULTVALUE ="" DESCRIPTION ="" GROUP ="DEFAULT1" NAME ="ApprovalDate3" PICTURETEXT ="" PORTTYPE ="OUTPUT" PRECISION ="29" REF_FIELD ="ApprovalDate" SCALE ="9"/>
            <TRANSFORMFIELD DATATYPE ="string" DEFAULTVALUE ="" DESCRIPTION ="" GROUP ="DEFAULT1" NAME ="RevLineCr3" PICTURETEXT ="" PORTTYPE ="OUTPUT" PRECISION ="1" REF_FIELD ="RevLineCr" SCALE ="0"/>
            <TRANSFORMFIELD DATATYPE ="bigint" DEFAULTVALUE ="" DESCRIPTION ="" GROUP ="DEFAULT1" NAME ="LoanNr_ChkDgt_Src2" PICTURETEXT ="" PORTTYPE ="OUTPUT" PRECISION ="19" REF_FIELD ="LoanNr_ChkDgt_Src" SCALE ="0"/>
            <TRANSFORMFIELD DATATYPE ="string" DEFAULTVALUE ="" DESCRIPTION ="" GROUP ="DEFAULT1" NAME ="Name12" PICTURETEXT ="" PORTTYPE ="OUTPUT" PRECISION ="255" REF_FIELD ="Name1" SCALE ="0"/>
            <TRANSFORMFIELD DATATYPE ="integer" DEFAULTVALUE ="" DESCRIPTION ="" GROUP ="DEFAULT1" NAME ="Term12" PICTURETEXT ="" PORTTYPE ="OUTPUT" PRECISION ="10" REF_FIELD ="Term1" SCALE ="0"/>
            <TRANSFORMFIELD DATATYPE ="integer" DEFAULTVALUE ="" DESCRIPTION ="" GROUP ="DEFAULT1" NAME ="UrbanRural12" PICTURETEXT ="" PORTTYPE ="OUTPUT" PRECISION ="10" REF_FIELD ="UrbanRural1" SCALE ="0"/>
            <TRANSFORMFIELD DATATYPE ="string" DEFAULTVALUE ="" DESCRIPTION ="" GROUP ="DEFAULT1" NAME ="LowDoc12" PICTURETEXT ="" PORTTYPE ="OUTPUT" PRECISION ="1" REF_FIELD ="LowDoc1" SCALE ="0"/>
            <TRANSFORMFIELD DATATYPE ="nstring" DEFAULTVALUE ="" DESCRIPTION ="" GROUP ="DEFAULT1" NAME ="ChgOffDate12" PICTURETEXT ="" PORTTYPE ="OUTPUT" PRECISION ="10" REF_FIELD ="ChgOffDate1" SCALE ="0"/>
            <TRANSFORMFIELD DATATYPE ="date/time" DEFAULTVALUE ="" DESCRIPTION ="" GROUP ="DEFAULT1" NAME ="ChgOffDate_Out2" PICTURETEXT ="" PORTTYPE ="OUTPUT" PRECISION ="29" REF_FIELD ="ChgOffDate_Out" SCALE ="9"/>
            <TRANSFORMFIELD DATATYPE ="nstring" DEFAULTVALUE ="" DESCRIPTION ="" GROUP ="DEFAULT1" NAME ="ApprovalDate12" PICTURETEXT ="" PORTTYPE ="OUTPUT" PRECISION ="10" REF_FIELD ="ApprovalDate1" SCALE ="0"/>
            <TRANSFORMFIELD DATATYPE ="date/time" DEFAULTVALUE ="" DESCRIPTION ="" GROUP ="DEFAULT1" NAME ="ApprovalDateOut2" PICTURETEXT ="" PORTTYPE ="OUTPUT" PRECISION ="29" REF_FIELD ="ApprovalDateOut" SCALE ="9"/>
            <TRANSFORMFIELD DATATYPE ="string" DEFAULTVALUE ="" DESCRIPTION ="" GROUP ="DEFAULT1" NAME ="RevLineCr12" PICTURETEXT ="" PORTTYPE ="OUTPUT" PRECISION ="1" REF_FIELD ="RevLineCr1" SCALE ="0"/>
            <TRANSFORMFIELD DATATYPE ="date/time" DEFAULTVALUE ="" DESCRIPTION ="" GROUP ="DEFAULT1" NAME ="datetime2" PICTURETEXT ="" PORTTYPE ="OUTPUT" PRECISION ="29" REF_FIELD ="datetime" SCALE ="9"/>
            <TABLEATTRIBUTE NAME ="Tracing Level" VALUE ="Normal"/>
        </TRANSFORMATION>
        <INSTANCE DESCRIPTION ="" NAME ="DIM_Loan_Details" TRANSFORMATION_NAME ="DIM_Loan_Details" TRANSFORMATION_TYPE ="Target Definition" TYPE ="TARGET"/>
        <INSTANCE DESCRIPTION ="" NAME ="DIM_Loan_Details1" TRANSFORMATION_NAME ="DIM_Loan_Details" TRANSFORMATION_TYPE ="Target Definition" TYPE ="TARGET"/>
        <INSTANCE DBDNAME ="capstone" DESCRIPTION ="" NAME ="LoanData" TRANSFORMATION_NAME ="LoanData" TRANSFORMATION_TYPE ="Source Definition" TYPE ="SOURCE"/>
        <INSTANCE DESCRIPTION ="" NAME ="SQ_LoanData" REUSABLE ="NO" TRANSFORMATION_NAME ="SQ_LoanData" TRANSFORMATION_TYPE ="Source Qualifier" TYPE ="TRANSFORMATION">
            <ASSOCIATED_SOURCE_INSTANCE NAME ="LoanData"/>
        </INSTANCE>
        <INSTANCE DESCRIPTION ="" NAME ="exp" REUSABLE ="NO" TRANSFORMATION_NAME ="exp" TRANSFORMATION_TYPE ="Expression" TYPE ="TRANSFORMATION"/>
        <INSTANCE DESCRIPTION ="" NAME ="lkp_DIM_Loan_Details" REUSABLE ="NO" TRANSFORMATION_NAME ="lkp_DIM_Loan_Details" TRANSFORMATION_TYPE ="Lookup Procedure" TYPE ="TRANSFORMATION"/>
        <INSTANCE DESCRIPTION ="" NAME ="seq" REUSABLE ="NO" TRANSFORMATION_NAME ="seq" TRANSFORMATION_TYPE ="Sequence" TYPE ="TRANSFORMATION"/>
        <INSTANCE DESCRIPTION ="" NAME ="update" REUSABLE ="NO" TRANSFORMATION_NAME ="update" TRANSFORMATION_TYPE ="Update Strategy" TYPE ="TRANSFORMATION"/>
        <INSTANCE DESCRIPTION ="" NAME ="router" REUSABLE ="NO" TRANSFORMATION_NAME ="router" TRANSFORMATION_TYPE ="Router" TYPE ="TRANSFORMATION"/>
        <CONNECTOR FROMFIELD ="NEXTVAL" FROMINSTANCE ="seq" FROMINSTANCETYPE ="Sequence" TOFIELD ="LoanID" TOINSTANCE ="DIM_Loan_Details" TOINSTANCETYPE ="Target Definition"/>
        <CONNECTOR FROMFIELD ="LoanNr_ChkDgt_Src1" FROMINSTANCE ="router" FROMINSTANCETYPE ="Router" TOFIELD ="LoanNr_ChkDgt" TOINSTANCE ="DIM_Loan_Details" TOINSTANCETYPE ="Target Definition"/>
        <CONNECTOR FROMFIELD ="Name11" FROMINSTANCE ="router" FROMINSTANCETYPE ="Router" TOFIELD ="Name" TOINSTANCE ="DIM_Loan_Details" TOINSTANCETYPE ="Target Definition"/>
        <CONNECTOR FROMFIELD ="Term11" FROMINSTANCE ="router" FROMINSTANCETYPE ="Router" TOFIELD ="Term" TOINSTANCE ="DIM_Loan_Details" TOINSTANCETYPE ="Target Definition"/>
        <CONNECTOR FROMFIELD ="UrbanRural11" FROMINSTANCE ="router" FROMINSTANCETYPE ="Router" TOFIELD ="UrbanRural" TOINSTANCE ="DIM_Loan_Details" TOINSTANCETYPE ="Target Definition"/>
        <CONNECTOR FROMFIELD ="LowDoc11" FROMINSTANCE ="router" FROMINSTANCETYPE ="Router" TOFIELD ="LowDoc" TOINSTANCE ="DIM_Loan_Details" TOINSTANCETYPE ="Target Definition"/>
        <CONNECTOR FROMFIELD ="RevLineCr11" FROMINSTANCE ="router" FROMINSTANCETYPE ="Router" TOFIELD ="RevLineCr" TOINSTANCE ="DIM_Loan_Details" TOINSTANCETYPE ="Target Definition"/>
        <CONNECTOR FROMFIELD ="datetime1" FROMINSTANCE ="router" FROMINSTANCETYPE ="Router" TOFIELD ="CreatedDate" TOINSTANCE ="DIM_Loan_Details" TOINSTANCETYPE ="Target Definition"/>
        <CONNECTOR FROMFIELD ="ChgOffDate_Out1" FROMINSTANCE ="router" FROMINSTANCETYPE ="Router" TOFIELD ="ChgOffDate" TOINSTANCE ="DIM_Loan_Details" TOINSTANCETYPE ="Target Definition"/>
        <CONNECTOR FROMFIELD ="ApprovalDateOut1" FROMINSTANCE ="router" FROMINSTANCETYPE ="Router" TOFIELD ="ApprovalDate" TOINSTANCE ="DIM_Loan_Details" TOINSTANCETYPE ="Target Definition"/>
        <CONNECTOR FROMFIELD ="LoanNr_ChkDgt3" FROMINSTANCE ="update" FROMINSTANCETYPE ="Update Strategy" TOFIELD ="LoanNr_ChkDgt" TOINSTANCE ="DIM_Loan_Details1" TOINSTANCETYPE ="Target Definition"/>
        <CONNECTOR FROMFIELD ="LoanID3" FROMINSTANCE ="update" FROMINSTANCETYPE ="Update Strategy" TOFIELD ="LoanID" TOINSTANCE ="DIM_Loan_Details1" TOINSTANCETYPE ="Target Definition"/>
        <CONNECTOR FROMFIELD ="Name_Src3" FROMINSTANCE ="update" FROMINSTANCETYPE ="Update Strategy" TOFIELD ="Name" TOINSTANCE ="DIM_Loan_Details1" TOINSTANCETYPE ="Target Definition"/>
        <CONNECTOR FROMFIELD ="Term_Src3" FROMINSTANCE ="update" FROMINSTANCETYPE ="Update Strategy" TOFIELD ="Term" TOINSTANCE ="DIM_Loan_Details1" TOINSTANCETYPE ="Target Definition"/>
        <CONNECTOR FROMFIELD ="UrbanRural_Src3" FROMINSTANCE ="update" FROMINSTANCETYPE ="Update Strategy" TOFIELD ="UrbanRural" TOINSTANCE ="DIM_Loan_Details1" TOINSTANCETYPE ="Target Definition"/>
        <CONNECTOR FROMFIELD ="LowDoc_Src3" FROMINSTANCE ="update" FROMINSTANCETYPE ="Update Strategy" TOFIELD ="LowDoc" TOINSTANCE ="DIM_Loan_Details1" TOINSTANCETYPE ="Target Definition"/>
        <CONNECTOR FROMFIELD ="ChgOffDate_Out_Src3" FROMINSTANCE ="update" FROMINSTANCETYPE ="Update Strategy" TOFIELD ="ChgOffDate" TOINSTANCE ="DIM_Loan_Details1" TOINSTANCETYPE ="Target Definition"/>
        <CONNECTOR FROMFIELD ="datetime3" FROMINSTANCE ="update" FROMINSTANCETYPE ="Update Strategy" TOFIELD ="UpdatedDate" TOINSTANCE ="DIM_Loan_Details1" TOINSTANCETYPE ="Target Definition"/>
        <CONNECTOR FROMFIELD ="ApprovalDateOut_Src3" FROMINSTANCE ="update" FROMINSTANCETYPE ="Update Strategy" TOFIELD ="ApprovalDate" TOINSTANCE ="DIM_Loan_Details1" TOINSTANCETYPE ="Target Definition"/>
        <CONNECTOR FROMFIELD ="RevLineCr_Src3" FROMINSTANCE ="update" FROMINSTANCETYPE ="Update Strategy" TOFIELD ="RevLineCr" TOINSTANCE ="DIM_Loan_Details1" TOINSTANCETYPE ="Target Definition"/>
        <CONNECTOR FROMFIELD ="LoanNr_ChkDgt" FROMINSTANCE ="LoanData" FROMINSTANCETYPE ="Source Definition" TOFIELD ="LoanNr_ChkDgt" TOINSTANCE ="SQ_LoanData" TOINSTANCETYPE ="Source Qualifier"/>
        <CONNECTOR FROMFIELD ="Name" FROMINSTANCE ="LoanData" FROMINSTANCETYPE ="Source Definition" TOFIELD ="Name" TOINSTANCE ="SQ_LoanData" TOINSTANCETYPE ="Source Qualifier"/>
        <CONNECTOR FROMFIELD ="City" FROMINSTANCE ="LoanData" FROMINSTANCETYPE ="Source Definition" TOFIELD ="City" TOINSTANCE ="SQ_LoanData" TOINSTANCETYPE ="Source Qualifier"/>
        <CONNECTOR FROMFIELD ="State" FROMINSTANCE ="LoanData" FROMINSTANCETYPE ="Source Definition" TOFIELD ="State" TOINSTANCE ="SQ_LoanData" TOINSTANCETYPE ="Source Qualifier"/>
        <CONNECTOR FROMFIELD ="Zip" FROMINSTANCE ="LoanData" FROMINSTANCETYPE ="Source Definition" TOFIELD ="Zip" TOINSTANCE ="SQ_LoanData" TOINSTANCETYPE ="Source Qualifier"/>
        <CONNECTOR FROMFIELD ="Bank" FROMINSTANCE ="LoanData" FROMINSTANCETYPE ="Source Definition" TOFIELD ="Bank" TOINSTANCE ="SQ_LoanData" TOINSTANCETYPE ="Source Qualifier"/>
        <CONNECTOR FROMFIELD ="BankState" FROMINSTANCE ="LoanData" FROMINSTANCETYPE ="Source Definition" TOFIELD ="BankState" TOINSTANCE ="SQ_LoanData" TOINSTANCETYPE ="Source Qualifier"/>
        <CONNECTOR FROMFIELD ="NAICS" FROMINSTANCE ="LoanData" FROMINSTANCETYPE ="Source Definition" TOFIELD ="NAICS" TOINSTANCE ="SQ_LoanData" TOINSTANCETYPE ="Source Qualifier"/>
        <CONNECTOR FROMFIELD ="ApprovalDate" FROMINSTANCE ="LoanData" FROMINSTANCETYPE ="Source Definition" TOFIELD ="ApprovalDate" TOINSTANCE ="SQ_LoanData" TOINSTANCETYPE ="Source Qualifier"/>
        <CONNECTOR FROMFIELD ="ApprovalFY" FROMINSTANCE ="LoanData" FROMINSTANCETYPE ="Source Definition" TOFIELD ="ApprovalFY" TOINSTANCE ="SQ_LoanData" TOINSTANCETYPE ="Source Qualifier"/>
        <CONNECTOR FROMFIELD ="Term" FROMINSTANCE ="LoanData" FROMINSTANCETYPE ="Source Definition" TOFIELD ="Term" TOINSTANCE ="SQ_LoanData" TOINSTANCETYPE ="Source Qualifier"/>
        <CONNECTOR FROMFIELD ="NoEmp" FROMINSTANCE ="LoanData" FROMINSTANCETYPE ="Source Definition" TOFIELD ="NoEmp" TOINSTANCE ="SQ_LoanData" TOINSTANCETYPE ="Source Qualifier"/>
        <CONNECTOR FROMFIELD ="NewExist" FROMINSTANCE ="LoanData" FROMINSTANCETYPE ="Source Definition" TOFIELD ="NewExist" TOINSTANCE ="SQ_LoanData" TOINSTANCETYPE ="Source Qualifier"/>
        <CONNECTOR FROMFIELD ="CreateJob" FROMINSTANCE ="LoanData" FROMINSTANCETYPE ="Source Definition" TOFIELD ="CreateJob" TOINSTANCE ="SQ_LoanData" TOINSTANCETYPE ="Source Qualifier"/>
        <CONNECTOR FROMFIELD ="RetainedJob" FROMINSTANCE ="LoanData" FROMINSTANCETYPE ="Source Definition" TOFIELD ="RetainedJob" TOINSTANCE ="SQ_LoanData" TOINSTANCETYPE ="Source Qualifier"/>
        <CONNECTOR FROMFIELD ="FranchiseCode" FROMINSTANCE ="LoanData" FROMINSTANCETYPE ="Source Definition" TOFIELD ="FranchiseCode" TOINSTANCE ="SQ_LoanData" TOINSTANCETYPE ="Source Qualifier"/>
        <CONNECTOR FROMFIELD ="UrbanRural" FROMINSTANCE ="LoanData" FROMINSTANCETYPE ="Source Definition" TOFIELD ="UrbanRural" TOINSTANCE ="SQ_LoanData" TOINSTANCETYPE ="Source Qualifier"/>
        <CONNECTOR FROMFIELD ="RevLineCr" FROMINSTANCE ="LoanData" FROMINSTANCETYPE ="Source Definition" TOFIELD ="RevLineCr" TOINSTANCE ="SQ_LoanData" TOINSTANCETYPE ="Source Qualifier"/>
        <CONNECTOR FROMFIELD ="LowDoc" FROMINSTANCE ="LoanData" FROMINSTANCETYPE ="Source Definition" TOFIELD ="LowDoc" TOINSTANCE ="SQ_LoanData" TOINSTANCETYPE ="Source Qualifier"/>
        <CONNECTOR FROMFIELD ="ChgOffDate" FROMINSTANCE ="LoanData" FROMINSTANCETYPE ="Source Definition" TOFIELD ="ChgOffDate" TOINSTANCE ="SQ_LoanData" TOINSTANCETYPE ="Source Qualifier"/>
        <CONNECTOR FROMFIELD ="DisbursementDate" FROMINSTANCE ="LoanData" FROMINSTANCETYPE ="Source Definition" TOFIELD ="DisbursementDate" TOINSTANCE ="SQ_LoanData" TOINSTANCETYPE ="Source Qualifier"/>
        <CONNECTOR FROMFIELD ="DisbursementGross" FROMINSTANCE ="LoanData" FROMINSTANCETYPE ="Source Definition" TOFIELD ="DisbursementGross" TOINSTANCE ="SQ_LoanData" TOINSTANCETYPE ="Source Qualifier"/>
        <CONNECTOR FROMFIELD ="BalanceGross" FROMINSTANCE ="LoanData" FROMINSTANCETYPE ="Source Definition" TOFIELD ="BalanceGross" TOINSTANCE ="SQ_LoanData" TOINSTANCETYPE ="Source Qualifier"/>
        <CONNECTOR FROMFIELD ="MIS_Status" FROMINSTANCE ="LoanData" FROMINSTANCETYPE ="Source Definition" TOFIELD ="MIS_Status" TOINSTANCE ="SQ_LoanData" TOINSTANCETYPE ="Source Qualifier"/>
        <CONNECTOR FROMFIELD ="ChgOffPrinGr" FROMINSTANCE ="LoanData" FROMINSTANCETYPE ="Source Definition" TOFIELD ="ChgOffPrinGr" TOINSTANCE ="SQ_LoanData" TOINSTANCETYPE ="Source Qualifier"/>
        <CONNECTOR FROMFIELD ="GrAppv" FROMINSTANCE ="LoanData" FROMINSTANCETYPE ="Source Definition" TOFIELD ="GrAppv" TOINSTANCE ="SQ_LoanData" TOINSTANCETYPE ="Source Qualifier"/>
        <CONNECTOR FROMFIELD ="SBA_Appv" FROMINSTANCE ="LoanData" FROMINSTANCETYPE ="Source Definition" TOFIELD ="SBA_Appv" TOINSTANCE ="SQ_LoanData" TOINSTANCETYPE ="Source Qualifier"/>
        <CONNECTOR FROMFIELD ="Name" FROMINSTANCE ="SQ_LoanData" FROMINSTANCETYPE ="Source Qualifier" TOFIELD ="Name" TOINSTANCE ="exp" TOINSTANCETYPE ="Expression"/>
        <CONNECTOR FROMFIELD ="Term" FROMINSTANCE ="SQ_LoanData" FROMINSTANCETYPE ="Source Qualifier" TOFIELD ="Term" TOINSTANCE ="exp" TOINSTANCETYPE ="Expression"/>
        <CONNECTOR FROMFIELD ="UrbanRural" FROMINSTANCE ="SQ_LoanData" FROMINSTANCETYPE ="Source Qualifier" TOFIELD ="UrbanRural" TOINSTANCE ="exp" TOINSTANCETYPE ="Expression"/>
        <CONNECTOR FROMFIELD ="LowDoc" FROMINSTANCE ="SQ_LoanData" FROMINSTANCETYPE ="Source Qualifier" TOFIELD ="LowDoc" TOINSTANCE ="exp" TOINSTANCETYPE ="Expression"/>
        <CONNECTOR FROMFIELD ="ChgOffDate" FROMINSTANCE ="SQ_LoanData" FROMINSTANCETYPE ="Source Qualifier" TOFIELD ="ChgOffDate" TOINSTANCE ="exp" TOINSTANCETYPE ="Expression"/>
        <CONNECTOR FROMFIELD ="ApprovalDate" FROMINSTANCE ="SQ_LoanData" FROMINSTANCETYPE ="Source Qualifier" TOFIELD ="ApprovalDate" TOINSTANCE ="exp" TOINSTANCETYPE ="Expression"/>
        <CONNECTOR FROMFIELD ="RevLineCr" FROMINSTANCE ="SQ_LoanData" FROMINSTANCETYPE ="Source Qualifier" TOFIELD ="RevLineCr" TOINSTANCE ="exp" TOINSTANCETYPE ="Expression"/>
        <CONNECTOR FROMFIELD ="LoanNr_ChkDgt" FROMINSTANCE ="SQ_LoanData" FROMINSTANCETYPE ="Source Qualifier" TOFIELD ="LoanNr_ChkDgt_Src" TOINSTANCE ="lkp_DIM_Loan_Details" TOINSTANCETYPE ="Lookup Procedure"/>
        <CONNECTOR FROMFIELD ="Name" FROMINSTANCE ="exp" FROMINSTANCETYPE ="Expression" TOFIELD ="Name1" TOINSTANCE ="router" TOINSTANCETYPE ="Router"/>
        <CONNECTOR FROMFIELD ="Term" FROMINSTANCE ="exp" FROMINSTANCETYPE ="Expression" TOFIELD ="Term1" TOINSTANCE ="router" TOINSTANCETYPE ="Router"/>
        <CONNECTOR FROMFIELD ="UrbanRural" FROMINSTANCE ="exp" FROMINSTANCETYPE ="Expression" TOFIELD ="UrbanRural1" TOINSTANCE ="router" TOINSTANCETYPE ="Router"/>
        <CONNECTOR FROMFIELD ="LowDoc" FROMINSTANCE ="exp" FROMINSTANCETYPE ="Expression" TOFIELD ="LowDoc1" TOINSTANCE ="router" TOINSTANCETYPE ="Router"/>
        <CONNECTOR FROMFIELD ="ChgOffDate_Out" FROMINSTANCE ="exp" FROMINSTANCETYPE ="Expression" TOFIELD ="ChgOffDate_Out" TOINSTANCE ="router" TOINSTANCETYPE ="Router"/>
        <CONNECTOR FROMFIELD ="ApprovalDateOut" FROMINSTANCE ="exp" FROMINSTANCETYPE ="Expression" TOFIELD ="ApprovalDateOut" TOINSTANCE ="router" TOINSTANCETYPE ="Router"/>
        <CONNECTOR FROMFIELD ="RevLineCr" FROMINSTANCE ="exp" FROMINSTANCETYPE ="Expression" TOFIELD ="RevLineCr1" TOINSTANCE ="router" TOINSTANCETYPE ="Router"/>
        <CONNECTOR FROMFIELD ="datetime" FROMINSTANCE ="exp" FROMINSTANCETYPE ="Expression" TOFIELD ="datetime" TOINSTANCE ="router" TOINSTANCETYPE ="Router"/>
        <CONNECTOR FROMFIELD ="LoanID" FROMINSTANCE ="lkp_DIM_Loan_Details" FROMINSTANCETYPE ="Lookup Procedure" TOFIELD ="LoanID" TOINSTANCE ="router" TOINSTANCETYPE ="Router"/>
        <CONNECTOR FROMFIELD ="LoanNr_ChkDgt" FROMINSTANCE ="lkp_DIM_Loan_Details" FROMINSTANCETYPE ="Lookup Procedure" TOFIELD ="LoanNr_ChkDgt" TOINSTANCE ="router" TOINSTANCETYPE ="Router"/>
        <CONNECTOR FROMFIELD ="Name" FROMINSTANCE ="lkp_DIM_Loan_Details" FROMINSTANCETYPE ="Lookup Procedure" TOFIELD ="Name" TOINSTANCE ="router" TOINSTANCETYPE ="Router"/>
        <CONNECTOR FROMFIELD ="Term" FROMINSTANCE ="lkp_DIM_Loan_Details" FROMINSTANCETYPE ="Lookup Procedure" TOFIELD ="Term" TOINSTANCE ="router" TOINSTANCETYPE ="Router"/>
        <CONNECTOR FROMFIELD ="UrbanRural" FROMINSTANCE ="lkp_DIM_Loan_Details" FROMINSTANCETYPE ="Lookup Procedure" TOFIELD ="UrbanRural" TOINSTANCE ="router" TOINSTANCETYPE ="Router"/>
        <CONNECTOR FROMFIELD ="LowDoc" FROMINSTANCE ="lkp_DIM_Loan_Details" FROMINSTANCETYPE ="Lookup Procedure" TOFIELD ="LowDoc" TOINSTANCE ="router" TOINSTANCETYPE ="Router"/>
        <CONNECTOR FROMFIELD ="ChgOffDate" FROMINSTANCE ="lkp_DIM_Loan_Details" FROMINSTANCETYPE ="Lookup Procedure" TOFIELD ="ChgOffDate" TOINSTANCE ="router" TOINSTANCETYPE ="Router"/>
        <CONNECTOR FROMFIELD ="CreatedDate" FROMINSTANCE ="lkp_DIM_Loan_Details" FROMINSTANCETYPE ="Lookup Procedure" TOFIELD ="CreatedDate" TOINSTANCE ="router" TOINSTANCETYPE ="Router"/>
        <CONNECTOR FROMFIELD ="UpdatedDate" FROMINSTANCE ="lkp_DIM_Loan_Details" FROMINSTANCETYPE ="Lookup Procedure" TOFIELD ="UpdatedDate" TOINSTANCE ="router" TOINSTANCETYPE ="Router"/>
        <CONNECTOR FROMFIELD ="ApprovalDate" FROMINSTANCE ="lkp_DIM_Loan_Details" FROMINSTANCETYPE ="Lookup Procedure" TOFIELD ="ApprovalDate" TOINSTANCE ="router" TOINSTANCETYPE ="Router"/>
        <CONNECTOR FROMFIELD ="RevLineCr" FROMINSTANCE ="lkp_DIM_Loan_Details" FROMINSTANCETYPE ="Lookup Procedure" TOFIELD ="RevLineCr" TOINSTANCE ="router" TOINSTANCETYPE ="Router"/>
        <CONNECTOR FROMFIELD ="LoanNr_ChkDgt_Src" FROMINSTANCE ="lkp_DIM_Loan_Details" FROMINSTANCETYPE ="Lookup Procedure" TOFIELD ="LoanNr_ChkDgt_Src" TOINSTANCE ="router" TOINSTANCETYPE ="Router"/>
        <CONNECTOR FROMFIELD ="LoanNr_ChkDgt3" FROMINSTANCE ="router" FROMINSTANCETYPE ="Router" TOFIELD ="LoanNr_ChkDgt3" TOINSTANCE ="update" TOINSTANCETYPE ="Update Strategy"/>
        <CONNECTOR FROMFIELD ="LoanID3" FROMINSTANCE ="router" FROMINSTANCETYPE ="Router" TOFIELD ="LoanID3" TOINSTANCE ="update" TOINSTANCETYPE ="Update Strategy"/>
        <CONNECTOR FROMFIELD ="Name13" FROMINSTANCE ="router" FROMINSTANCETYPE ="Router" TOFIELD ="Name_Src3" TOINSTANCE ="update" TOINSTANCETYPE ="Update Strategy"/>
        <CONNECTOR FROMFIELD ="Term13" FROMINSTANCE ="router" FROMINSTANCETYPE ="Router" TOFIELD ="Term_Src3" TOINSTANCE ="update" TOINSTANCETYPE ="Update Strategy"/>
        <CONNECTOR FROMFIELD ="UrbanRural13" FROMINSTANCE ="router" FROMINSTANCETYPE ="Router" TOFIELD ="UrbanRural_Src3" TOINSTANCE ="update" TOINSTANCETYPE ="Update Strategy"/>
        <CONNECTOR FROMFIELD ="LowDoc13" FROMINSTANCE ="router" FROMINSTANCETYPE ="Router" TOFIELD ="LowDoc_Src3" TOINSTANCE ="update" TOINSTANCETYPE ="Update Strategy"/>
        <CONNECTOR FROMFIELD ="RevLineCr13" FROMINSTANCE ="router" FROMINSTANCETYPE ="Router" TOFIELD ="RevLineCr_Src3" TOINSTANCE ="update" TOINSTANCETYPE ="Update Strategy"/>
        <CONNECTOR FROMFIELD ="datetime3" FROMINSTANCE ="router" FROMINSTANCETYPE ="Router" TOFIELD ="datetime3" TOINSTANCE ="update" TOINSTANCETYPE ="Update Strategy"/>
        <CONNECTOR FROMFIELD ="ChgOffDate_Out3" FROMINSTANCE ="router" FROMINSTANCETYPE ="Router" TOFIELD ="ChgOffDate_Out_Src3" TOINSTANCE ="update" TOINSTANCETYPE ="Update Strategy"/>
        <CONNECTOR FROMFIELD ="ApprovalDateOut3" FROMINSTANCE ="router" FROMINSTANCETYPE ="Router" TOFIELD ="ApprovalDateOut_Src3" TOINSTANCE ="update" TOINSTANCETYPE ="Update Strategy"/>
        <TARGETLOADORDER ORDER ="1" TARGETINSTANCE ="DIM_Loan_Details"/>
        <TARGETLOADORDER ORDER ="1" TARGETINSTANCE ="DIM_Loan_Details1"/>
        <ERPINFO/>
    </MAPPING>
    <CONFIG DESCRIPTION ="Default session configuration object" ISDEFAULT ="YES" NAME ="default_session_config" VERSIONNUMBER ="1">
        <ATTRIBUTE NAME ="Advanced" VALUE =""/>
        <ATTRIBUTE NAME ="Constraint based load ordering" VALUE ="NO"/>
        <ATTRIBUTE NAME ="Cache LOOKUP() function" VALUE ="YES"/>
        <ATTRIBUTE NAME ="Default buffer block size" VALUE ="Auto"/>
        <ATTRIBUTE NAME ="Line Sequential buffer length" VALUE ="1024"/>
        <ATTRIBUTE NAME ="Maximum Memory Allowed For Auto Memory Attributes" VALUE ="512MB"/>
        <ATTRIBUTE NAME ="Maximum Percentage of Total Memory Allowed For Auto Memory Attributes" VALUE ="5"/>
        <ATTRIBUTE NAME ="Additional Concurrent Pipelines for Lookup Cache Creation" VALUE ="Auto"/>
        <ATTRIBUTE NAME ="Custom Properties" VALUE =""/>
        <ATTRIBUTE NAME ="Pre-build lookup cache" VALUE ="Auto"/>
        <ATTRIBUTE NAME ="Optimization Level" VALUE ="Medium"/>
        <ATTRIBUTE NAME ="DateTime Format String" VALUE ="MM/DD/YYYY HH24:MI:SS.US"/>
        <ATTRIBUTE NAME ="Pre 85 Timestamp Compatibility" VALUE ="NO"/>
        <ATTRIBUTE NAME ="Log Options" VALUE ="0"/>
        <ATTRIBUTE NAME ="Save session log by" VALUE ="Session runs"/>
        <ATTRIBUTE NAME ="Save session log for these runs" VALUE ="0"/>
        <ATTRIBUTE NAME ="Session Log File Max Size" VALUE ="0"/>
        <ATTRIBUTE NAME ="Session Log File Max Time Period" VALUE ="0"/>
        <ATTRIBUTE NAME ="Maximum Partial Session Log Files" VALUE ="1"/>
        <ATTRIBUTE NAME ="Writer Commit Statistics Log Frequency" VALUE ="1"/>
        <ATTRIBUTE NAME ="Writer Commit Statistics Log Interval" VALUE ="0"/>
        <ATTRIBUTE NAME ="Error handling" VALUE =""/>
        <ATTRIBUTE NAME ="Stop on errors" VALUE ="0"/>
        <ATTRIBUTE NAME ="Override tracing" VALUE ="None"/>
        <ATTRIBUTE NAME ="On Stored Procedure error" VALUE ="Stop"/>
        <ATTRIBUTE NAME ="On Pre-session command task error" VALUE ="Stop"/>
        <ATTRIBUTE NAME ="On Pre-Post SQL error" VALUE ="Stop"/>
        <ATTRIBUTE NAME ="Enable Recovery" VALUE ="NO"/>
        <ATTRIBUTE NAME ="Error Log Type" VALUE ="None"/>
        <ATTRIBUTE NAME ="Error Log Table Name Prefix" VALUE =""/>
        <ATTRIBUTE NAME ="Error Log File Name" VALUE ="PMError.log"/>
        <ATTRIBUTE NAME ="Log Source Row Data" VALUE ="NO"/>
        <ATTRIBUTE NAME ="Data Column Delimiter" VALUE ="|"/>
        <ATTRIBUTE NAME ="Partitioning Options" VALUE =""/>
        <ATTRIBUTE NAME ="Dynamic Partitioning" VALUE ="Disabled"/>
        <ATTRIBUTE NAME ="Number of Partitions" VALUE ="1"/>
        <ATTRIBUTE NAME ="Multiplication Factor" VALUE ="Auto"/>
        <ATTRIBUTE NAME ="Session on Grid" VALUE =""/>
        <ATTRIBUTE NAME ="Is Enabled" VALUE ="NO"/>
    </CONFIG>
    <WORKFLOW DESCRIPTION ="" ISENABLED ="YES" ISRUNNABLESERVICE ="NO" ISSERVICE ="NO" ISVALID ="YES" NAME ="wf_Capstone_DIM_Loan_Details" REUSABLE_SCHEDULER ="NO" SCHEDULERNAME ="Scheduler" SERVERNAME ="INFA_DEV_INIT" SERVER_DOMAINNAME ="Domain" SUSPEND_ON_ERROR ="NO" TASKS_MUST_RUN_ON_SERVER ="NO" VERSIONNUMBER ="1">
        <SCHEDULER DESCRIPTION ="" NAME ="Scheduler" REUSABLE ="NO" VERSIONNUMBER ="1">
            <SCHEDULEINFO SCHEDULETYPE ="ONDEMAND"/>
        </SCHEDULER>
        <TASK DESCRIPTION ="" NAME ="Start" REUSABLE ="NO" TYPE ="Start" VERSIONNUMBER ="1"/>
        <SESSION DESCRIPTION ="" ISVALID ="YES" MAPPINGNAME ="mC_DIM_Loan_Details " NAME ="s_mC_DIM_Loan_Details_" REUSABLE ="NO" SORTORDER ="Binary" VERSIONNUMBER ="1">
            <SESSTRANSFORMATIONINST ISREPARTITIONPOINT ="YES" PARTITIONTYPE ="PASS THROUGH" PIPELINE ="1" SINSTANCENAME ="DIM_Loan_Details" STAGE ="1" TRANSFORMATIONNAME ="DIM_Loan_Details" TRANSFORMATIONTYPE ="Target Definition"/>
            <SESSTRANSFORMATIONINST ISREPARTITIONPOINT ="YES" PARTITIONTYPE ="PASS THROUGH" PIPELINE ="1" SINSTANCENAME ="DIM_Loan_Details1" STAGE ="2" TRANSFORMATIONNAME ="DIM_Loan_Details1" TRANSFORMATIONTYPE ="Target Definition"/>
            <SESSTRANSFORMATIONINST ISREPARTITIONPOINT ="NO" PIPELINE ="0" SINSTANCENAME ="LoanData" STAGE ="0" TRANSFORMATIONNAME ="LoanData" TRANSFORMATIONTYPE ="Source Definition"/>
            <SESSTRANSFORMATIONINST ISREPARTITIONPOINT ="YES" PARTITIONTYPE ="PASS THROUGH" PIPELINE ="1" SINSTANCENAME ="SQ_LoanData" STAGE ="3" TRANSFORMATIONNAME ="SQ_LoanData" TRANSFORMATIONTYPE ="Source Qualifier"/>
            <SESSTRANSFORMATIONINST ISREPARTITIONPOINT ="NO" PIPELINE ="1" SINSTANCENAME ="exp" STAGE ="3" TRANSFORMATIONNAME ="exp" TRANSFORMATIONTYPE ="Expression">
                <PARTITION DESCRIPTION ="" NAME ="Partition #1"/>
            </SESSTRANSFORMATIONINST>
            <SESSTRANSFORMATIONINST ISREPARTITIONPOINT ="NO" PIPELINE ="1" SINSTANCENAME ="lkp_DIM_Loan_Details" STAGE ="3" TRANSFORMATIONNAME ="lkp_DIM_Loan_Details" TRANSFORMATIONTYPE ="Lookup Procedure">
                <PARTITION DESCRIPTION ="" NAME ="Partition #1"/>
                <ATTRIBUTE NAME ="Connection Information" VALUE ="$DBConnection_Lkp"/>
            </SESSTRANSFORMATIONINST>
            <SESSTRANSFORMATIONINST ISREPARTITIONPOINT ="NO" PIPELINE ="0" SINSTANCENAME ="seq" STAGE ="0" TRANSFORMATIONNAME ="seq" TRANSFORMATIONTYPE ="Sequence"/>
            <SESSTRANSFORMATIONINST ISREPARTITIONPOINT ="NO" PIPELINE ="1" SINSTANCENAME ="update" STAGE ="3" TRANSFORMATIONNAME ="update" TRANSFORMATIONTYPE ="Update Strategy">
                <PARTITION DESCRIPTION ="" NAME ="Partition #1"/>
            </SESSTRANSFORMATIONINST>
            <SESSTRANSFORMATIONINST ISREPARTITIONPOINT ="NO" PIPELINE ="1" SINSTANCENAME ="router" STAGE ="3" TRANSFORMATIONNAME ="router" TRANSFORMATIONTYPE ="Router">
                <PARTITION DESCRIPTION ="" NAME ="Partition #1"/>
            </SESSTRANSFORMATIONINST>
            <CONFIGREFERENCE REFOBJECTNAME ="default_session_config" TYPE ="Session config"/>
            <SESSIONEXTENSION NAME ="Relational Writer" SINSTANCENAME ="DIM_Loan_Details" SUBTYPE ="Relational Writer" TRANSFORMATIONTYPE ="Target Definition" TYPE ="WRITER">
                <CONNECTIONREFERENCE CNXREFNAME ="DB Connection" CONNECTIONNAME ="" CONNECTIONNUMBER ="1" CONNECTIONSUBTYPE ="" CONNECTIONTYPE ="Relational" VARIABLE ="$DBConnection_Tgt"/>
                <ATTRIBUTE NAME ="Target load type" VALUE ="Normal"/>
                <ATTRIBUTE NAME ="Insert" VALUE ="YES"/>
                <ATTRIBUTE NAME ="Update as Update" VALUE ="YES"/>
                <ATTRIBUTE NAME ="Update as Insert" VALUE ="NO"/>
                <ATTRIBUTE NAME ="Update else Insert" VALUE ="NO"/>
                <ATTRIBUTE NAME ="Delete" VALUE ="YES"/>
                <ATTRIBUTE NAME ="Truncate target table option" VALUE ="NO"/>
                <ATTRIBUTE NAME ="Reject file directory" VALUE ="$PMBadFileDir&#x5c;"/>
                <ATTRIBUTE NAME ="Reject filename" VALUE ="dim_loan_details1.bad"/>
            </SESSIONEXTENSION>
            <SESSIONEXTENSION NAME ="Relational Writer" SINSTANCENAME ="DIM_Loan_Details1" SUBTYPE ="Relational Writer" TRANSFORMATIONTYPE ="Target Definition" TYPE ="WRITER">
                <CONNECTIONREFERENCE CNXREFNAME ="DB Connection" CONNECTIONNAME ="" CONNECTIONNUMBER ="1" CONNECTIONSUBTYPE ="" CONNECTIONTYPE ="Relational" VARIABLE ="$DBConnection_Tgt"/>
                <ATTRIBUTE NAME ="Target load type" VALUE ="Normal"/>
                <ATTRIBUTE NAME ="Insert" VALUE ="YES"/>
                <ATTRIBUTE NAME ="Update as Update" VALUE ="YES"/>
                <ATTRIBUTE NAME ="Update as Insert" VALUE ="NO"/>
                <ATTRIBUTE NAME ="Update else Insert" VALUE ="NO"/>
                <ATTRIBUTE NAME ="Delete" VALUE ="YES"/>
                <ATTRIBUTE NAME ="Truncate target table option" VALUE ="NO"/>
                <ATTRIBUTE NAME ="Reject file directory" VALUE ="$PMBadFileDir&#x5c;"/>
                <ATTRIBUTE NAME ="Reject filename" VALUE ="dim_loan_details11.bad"/>
            </SESSIONEXTENSION>
            <SESSIONEXTENSION DSQINSTNAME ="SQ_LoanData" DSQINSTTYPE ="Source Qualifier" NAME ="Relational Reader" SINSTANCENAME ="LoanData" SUBTYPE ="Relational Reader" TRANSFORMATIONTYPE ="Source Definition" TYPE ="READER"/>
            <SESSIONEXTENSION NAME ="Relational Reader" SINSTANCENAME ="SQ_LoanData" SUBTYPE ="Relational Reader" TRANSFORMATIONTYPE ="Source Qualifier" TYPE ="READER">
                <CONNECTIONREFERENCE CNXREFNAME ="DB Connection" CONNECTIONNAME ="" CONNECTIONNUMBER ="1" CONNECTIONSUBTYPE ="" CONNECTIONTYPE ="Relational" VARIABLE ="$DBConnection_Src"/>
            </SESSIONEXTENSION>
            <SESSIONEXTENSION NAME ="Relational Lookup" SINSTANCENAME ="lkp_DIM_Loan_Details" SUBTYPE ="Relational Lookup" TRANSFORMATIONTYPE ="Lookup Procedure" TYPE ="LOOKUPEXTENSION">
                <CONNECTIONREFERENCE CNXREFNAME ="DB Connection" CONNECTIONNAME ="" CONNECTIONNUMBER ="1" CONNECTIONSUBTYPE ="" CONNECTIONTYPE ="Relational" VARIABLE ="$DBConnection_Lkp"/>
            </SESSIONEXTENSION>
            <ATTRIBUTE NAME ="General Options" VALUE =""/>
            <ATTRIBUTE NAME ="Write Backward Compatible Session Log File" VALUE ="NO"/>
            <ATTRIBUTE NAME ="Session Log File Name" VALUE ="s_mC_DIM_Loan_Details_.log"/>
            <ATTRIBUTE NAME ="Session Log File directory" VALUE ="$PMSessionLogDir&#x5c;"/>
            <ATTRIBUTE NAME ="Parameter Filename" VALUE =""/>
            <ATTRIBUTE NAME ="Enable Test Load" VALUE ="NO"/>
            <ATTRIBUTE NAME ="$Source connection value" VALUE =""/>
            <ATTRIBUTE NAME ="$Target connection value" VALUE =""/>
            <ATTRIBUTE NAME ="Treat source rows as" VALUE ="Data driven"/>
            <ATTRIBUTE NAME ="Commit Type" VALUE ="Target"/>
            <ATTRIBUTE NAME ="Commit Interval" VALUE ="10000"/>
            <ATTRIBUTE NAME ="Commit On End Of File" VALUE ="YES"/>
            <ATTRIBUTE NAME ="Rollback Transactions on Errors" VALUE ="NO"/>
            <ATTRIBUTE NAME ="Recovery Strategy" VALUE ="Fail task and continue workflow"/>
            <ATTRIBUTE NAME ="Java Classpath" VALUE =""/>
            <ATTRIBUTE NAME ="Performance" VALUE =""/>
            <ATTRIBUTE NAME ="DTM buffer size" VALUE ="Auto"/>
            <ATTRIBUTE NAME ="Collect performance data" VALUE ="NO"/>
            <ATTRIBUTE NAME ="Write performance data to repository" VALUE ="NO"/>
            <ATTRIBUTE NAME ="Incremental Aggregation" VALUE ="NO"/>
            <ATTRIBUTE NAME ="Enable high precision" VALUE ="NO"/>
            <ATTRIBUTE NAME ="Session retry on deadlock" VALUE ="NO"/>
            <ATTRIBUTE NAME ="Pushdown Optimization" VALUE ="None"/>
            <ATTRIBUTE NAME ="Allow Temporary View for Pushdown" VALUE ="NO"/>
            <ATTRIBUTE NAME ="Allow Temporary Sequence for Pushdown" VALUE ="NO"/>
            <ATTRIBUTE NAME ="Allow Pushdown for User Incompatible Connections" VALUE ="NO"/>
        </SESSION>
        <TASKINSTANCE DESCRIPTION ="" ISENABLED ="YES" NAME ="Start" REUSABLE ="NO" TASKNAME ="Start" TASKTYPE ="Start"/>
        <TASKINSTANCE DESCRIPTION ="" FAIL_PARENT_IF_INSTANCE_DID_NOT_RUN ="NO" FAIL_PARENT_IF_INSTANCE_FAILS ="NO" ISENABLED ="YES" NAME ="s_mC_DIM_Loan_Details_" REUSABLE ="NO" TASKNAME ="s_mC_DIM_Loan_Details_" TASKTYPE ="Session" TREAT_INPUTLINK_AS_AND ="YES"/>
        <WORKFLOWLINK CONDITION ="" FROMTASK ="Start" TOTASK ="s_mC_DIM_Loan_Details_"/>
        <WORKFLOWVARIABLE DATATYPE ="date/time" DEFAULTVALUE ="" DESCRIPTION ="The time this task started" ISNULL ="NO" ISPERSISTENT ="NO" NAME ="$Start.StartTime" USERDEFINED ="NO"/>
        <WORKFLOWVARIABLE DATATYPE ="date/time" DEFAULTVALUE ="" DESCRIPTION ="The time this task completed" ISNULL ="NO" ISPERSISTENT ="NO" NAME ="$Start.EndTime" USERDEFINED ="NO"/>
        <WORKFLOWVARIABLE DATATYPE ="integer" DEFAULTVALUE ="" DESCRIPTION ="Status of this task&apos;s execution" ISNULL ="NO" ISPERSISTENT ="NO" NAME ="$Start.Status" USERDEFINED ="NO"/>
        <WORKFLOWVARIABLE DATATYPE ="integer" DEFAULTVALUE ="" DESCRIPTION ="Status of the previous task that is not disabled" ISNULL ="NO" ISPERSISTENT ="NO" NAME ="$Start.PrevTaskStatus" USERDEFINED ="NO"/>
        <WORKFLOWVARIABLE DATATYPE ="integer" DEFAULTVALUE ="" DESCRIPTION ="Error code for this task&apos;s execution" ISNULL ="NO" ISPERSISTENT ="NO" NAME ="$Start.ErrorCode" USERDEFINED ="NO"/>
        <WORKFLOWVARIABLE DATATYPE ="string" DEFAULTVALUE ="" DESCRIPTION ="Error message for this task&apos;s execution" ISNULL ="NO" ISPERSISTENT ="NO" NAME ="$Start.ErrorMsg" USERDEFINED ="NO"/>
        <WORKFLOWVARIABLE DATATYPE ="date/time" DEFAULTVALUE ="" DESCRIPTION ="The time this task started" ISNULL ="NO" ISPERSISTENT ="NO" NAME ="$s_mC_DIM_Loan_Details_.StartTime" USERDEFINED ="NO"/>
        <WORKFLOWVARIABLE DATATYPE ="date/time" DEFAULTVALUE ="" DESCRIPTION ="The time this task completed" ISNULL ="NO" ISPERSISTENT ="NO" NAME ="$s_mC_DIM_Loan_Details_.EndTime" USERDEFINED ="NO"/>
        <WORKFLOWVARIABLE DATATYPE ="integer" DEFAULTVALUE ="" DESCRIPTION ="Status of this task&apos;s execution" ISNULL ="NO" ISPERSISTENT ="NO" NAME ="$s_mC_DIM_Loan_Details_.Status" USERDEFINED ="NO"/>
        <WORKFLOWVARIABLE DATATYPE ="integer" DEFAULTVALUE ="" DESCRIPTION ="Status of the previous task that is not disabled" ISNULL ="NO" ISPERSISTENT ="NO" NAME ="$s_mC_DIM_Loan_Details_.PrevTaskStatus" USERDEFINED ="NO"/>
        <WORKFLOWVARIABLE DATATYPE ="integer" DEFAULTVALUE ="" DESCRIPTION ="Error code for this task&apos;s execution" ISNULL ="NO" ISPERSISTENT ="NO" NAME ="$s_mC_DIM_Loan_Details_.ErrorCode" USERDEFINED ="NO"/>
        <WORKFLOWVARIABLE DATATYPE ="string" DEFAULTVALUE ="" DESCRIPTION ="Error message for this task&apos;s execution" ISNULL ="NO" ISPERSISTENT ="NO" NAME ="$s_mC_DIM_Loan_Details_.ErrorMsg" USERDEFINED ="NO"/>
        <WORKFLOWVARIABLE DATATYPE ="integer" DEFAULTVALUE ="" DESCRIPTION ="Rows successfully read" ISNULL ="NO" ISPERSISTENT ="NO" NAME ="$s_mC_DIM_Loan_Details_.SrcSuccessRows" USERDEFINED ="NO"/>
        <WORKFLOWVARIABLE DATATYPE ="integer" DEFAULTVALUE ="" DESCRIPTION ="Rows failed to read" ISNULL ="NO" ISPERSISTENT ="NO" NAME ="$s_mC_DIM_Loan_Details_.SrcFailedRows" USERDEFINED ="NO"/>
        <WORKFLOWVARIABLE DATATYPE ="integer" DEFAULTVALUE ="" DESCRIPTION ="Rows successfully loaded" ISNULL ="NO" ISPERSISTENT ="NO" NAME ="$s_mC_DIM_Loan_Details_.TgtSuccessRows" USERDEFINED ="NO"/>
        <WORKFLOWVARIABLE DATATYPE ="integer" DEFAULTVALUE ="" DESCRIPTION ="Rows failed to load" ISNULL ="NO" ISPERSISTENT ="NO" NAME ="$s_mC_DIM_Loan_Details_.TgtFailedRows" USERDEFINED ="NO"/>
        <WORKFLOWVARIABLE DATATYPE ="integer" DEFAULTVALUE ="" DESCRIPTION ="Total number of transformation errors" ISNULL ="NO" ISPERSISTENT ="NO" NAME ="$s_mC_DIM_Loan_Details_.TotalTransErrors" USERDEFINED ="NO"/>
        <WORKFLOWVARIABLE DATATYPE ="integer" DEFAULTVALUE ="" DESCRIPTION ="First error code" ISNULL ="NO" ISPERSISTENT ="NO" NAME ="$s_mC_DIM_Loan_Details_.FirstErrorCode" USERDEFINED ="NO"/>
        <WORKFLOWVARIABLE DATATYPE ="string" DEFAULTVALUE ="" DESCRIPTION ="First error message" ISNULL ="NO" ISPERSISTENT ="NO" NAME ="$s_mC_DIM_Loan_Details_.FirstErrorMsg" USERDEFINED ="NO"/>
        <ATTRIBUTE NAME ="Parameter Filename" VALUE ="C:&#x5c;Informatica&#x5c;10.2.0&#x5c;server&#x5c;infa_shared&#x5c;BWParam&#x5c;Capstone_Param.prm"/>
        <ATTRIBUTE NAME ="Write Backward Compatible Workflow Log File" VALUE ="NO"/>
        <ATTRIBUTE NAME ="Workflow Log File Name" VALUE ="wf_Capstone_DIM_Loan_Details.log"/>
        <ATTRIBUTE NAME ="Workflow Log File Directory" VALUE ="$PMWorkflowLogDir&#x5c;"/>
        <ATTRIBUTE NAME ="Save Workflow log by" VALUE ="By runs"/>
        <ATTRIBUTE NAME ="Save workflow log for these runs" VALUE ="0"/>
        <ATTRIBUTE NAME ="Service Name" VALUE =""/>
        <ATTRIBUTE NAME ="Service Timeout" VALUE ="0"/>
        <ATTRIBUTE NAME ="Is Service Visible" VALUE ="NO"/>
        <ATTRIBUTE NAME ="Is Service Protected" VALUE ="NO"/>
        <ATTRIBUTE NAME ="Fail task after wait time" VALUE ="0"/>
        <ATTRIBUTE NAME ="Enable HA recovery" VALUE ="NO"/>
        <ATTRIBUTE NAME ="Automatically recover terminated tasks" VALUE ="NO"/>
        <ATTRIBUTE NAME ="Service Level Name" VALUE ="Default"/>
        <ATTRIBUTE NAME ="Allow concurrent run with unique run instance name" VALUE ="NO"/>
        <ATTRIBUTE NAME ="Allow concurrent run with same run instance name" VALUE ="NO"/>
        <ATTRIBUTE NAME ="Maximum number of concurrent runs" VALUE ="0"/>
        <ATTRIBUTE NAME ="Assigned Web Services Hubs" VALUE =""/>
        <ATTRIBUTE NAME ="Maximum number of concurrent runs per Hub" VALUE ="1000"/>
        <ATTRIBUTE NAME ="Expected Service Time" VALUE ="1"/>
    </WORKFLOW>
</FOLDER>
</REPOSITORY>
</POWERMART>